-0.10302621126174927	1.1896556615829468	-0.5986239314079285	-0.21880322694778442	-1.7420588731765747	0.24242964386940002	0.8925191164016724	-1.2196696996688843	-0.6190016269683838	-0.9026602506637573	-1.346144437789917	0.6576604843139648	-0.4593815207481384	-0.5956838130950928	0.7380556464195251	2.1053199768066406	0.31448715925216675	1.5405642986297607	-0.5020237565040588	0.12049442529678345	-0.7882407903671265	-2.4168505668640137	-1.9295647144317627	-0.8894405961036682	-1.865234136581421	1.1401610374450684	-0.5149568319320679	-1.00318443775177	2.154881477355957	-0.28862932324409485	-0.22788342833518982	-0.35487744212150574	0.3130325376987457	-1.363821268081665	-1.188433051109314	-1.617071509361267	0.5523773431777954	1.5817456245422363	0.7453875541687012	1.1389662027359009	1.2223235368728638	0.927390456199646	-0.5223876237869263	-1.7591521739959717	-1.302220106124878	-0.5818672180175781	-1.135627269744873	0.2556858956813812	0.684974730014801	-1.1905945539474487
-0.26209956407546997	0.5230981111526489	1.6417990922927856	1.200352668762207	0.7804056406021118	0.7922326326370239	0.7418925166130066	-0.6406940221786499	-0.5467525720596313	0.1914365142583847	0.1818498969078064	0.5370579361915588	0.08249756693840027	-0.9366611838340759	-0.26958978176116943	0.5824298858642578	0.43601757287979126	-1.670151948928833	0.25145938992500305	-0.6876936554908752	-0.8083832859992981	-0.47235265374183655	-0.8249188661575317	-0.37849849462509155	-0.9451273679733276	-1.6825214624404907	0.7226173877716064	0.2983120083808899	0.18705883622169495	-0.5765100717544556	1.4459632635116577	0.8590613007545471	-0.11562959849834442	-1.2954126596450806	-0.6847127676010132	0.31509098410606384	-0.7281551361083984	0.10636182874441147	-1.0604802370071411	3.1978092193603516	1.7967731952667236	-1.3038461208343506	0.027672182768583298	0.781773030757904	0.8202629685401917	0.1745258867740631	0.6656960844993591	-0.2671305537223816	-1.1393073797225952	2.0077672004699707
0.35005801916122437	-0.05070548132061958	-0.8724819421768188	-0.9202529788017273	-1.534796953201294	-0.5071460008621216	0.6760433316230774	-0.5491228103637695	0.3345627188682556	0.7569072842597961	-0.27518102526664734	1.0759761333465576	-0.22688795626163483	0.3190716803073883	1.106400489807129	0.16373643279075623	1.1276735067367554	0.5946707129478455	-1.3199983835220337	-0.7039132118225098	0.35471388697624207	0.012387409806251526	1.9803791046142578	-0.45195525884628296	-0.9060602784156799	-0.24948197603225708	-1.1468805074691772	-1.076240062713623	0.2528161406517029	-1.272713541984558	-0.7418891191482544	-2.030017614364624	1.08260977268219	-1.0327702760696411	1.5742191076278687	-0.5132743120193481	-0.17047396302223206	0.6719500422477722	1.1196266412734985	-1.0919162034988403	0.18876959383487701	-1.349888801574707	1.0206832885742188	1.2938804626464844	-0.5317296385765076	-0.9522421956062317	0.1264806091785431	-1.1448484659194946	-2.19189453125	-0.056734178215265274
-0.4580745995044708	-0.11382697522640228	1.678360104560852	-0.5023654699325562	1.3318716287612915	-0.37428340315818787	0.7436352372169495	0.5180217027664185	0.7159757018089294	-0.726874053478241	0.3423081636428833	0.82071852684021	-1.4194228649139404	0.49115070700645447	0.742895781993866	-2.257263660430908	-0.7337261438369751	1.21006441116333	-0.9992354512214661	1.7128032445907593	1.6625831127166748	0.488097220659256	0.2894442677497864	0.2127692699432373	-0.6524163484573364	1.615351676940918	0.41773369908332825	0.08532192558050156	0.7401757836341858	-0.10392551869153976	-0.3786114752292633	2.4234602451324463	0.3763417899608612	-0.000360195932444185	-1.3126249313354492	0.4842906892299652	-0.6573360562324524	-0.5917419791221619	1.259116530418396	-2.116281032562256	0.7502201795578003	-1.39634108543396	-0.3288692533969879	-0.19942092895507812	-0.5074014067649841	-0.6487995386123657	0.10414333641529083	0.7540248036384583	0.37786340713500977	0.6951582431793213
1.4048347473144531	0.6720436811447144	-0.7974897623062134	-1.0453146696090698	0.6934013366699219	0.835696280002594	-0.18726642429828644	0.5752538442611694	-2.312238931655884	0.9091854691505432	1.7253934144973755	-1.3829785585403442	-1.7440690994262695	0.3982866704463959	-0.26930972933769226	-0.589083194732666	-0.38233718276023865	-0.8823266625404358	-0.9232392311096191	0.7261717915534973	0.26750150322914124	0.6810356974601746	-0.20121687650680542	-1.3469749689102173	-1.378964900970459	-1.1575617790222168	-1.779510736465454	0.15348538756370544	0.4840143024921417	0.46908119320869446	-1.123152732849121	-1.883966088294983	0.9648775458335876	-0.49525371193885803	0.02746746502816677	1.0063443183898926	-1.6142122745513916	-0.16675318777561188	-0.9870682954788208	-0.21082451939582825	-1.4677494764328003	-0.044655002653598785	0.15893694758415222	0.3289062976837158	0.9971628785133362	1.0543212890625	-0.7444311380386353	0.4255587160587311	1.306348443031311	1.3459017276763916
0.7544258236885071	0.40070071816444397	2.0672240257263184	-0.8507929444313049	1.4491814374923706	-0.8969254493713379	-1.4999223947525024	-0.5137112736701965	-0.224312886595726	-0.3101261854171753	0.3918955624103546	1.2103039026260376	0.909223735332489	-0.133393332362175	-0.12089794874191284	-0.17475029826164246	-1.3370997905731201	1.7942928075790405	1.6560920476913452	0.18017418682575226	1.09719979763031	0.7118367552757263	1.409436821937561	0.5966571569442749	-1.2924964427947998	-0.9415228366851807	-0.22209720313549042	0.8939704298973083	1.09458589553833	-0.8050616979598999	0.08220761269330978	-0.42423397302627563	-0.19908872246742249	0.4612465500831604	0.533473789691925	-1.9676556587219238	-0.39210057258605957	0.5078284740447998	1.6763019561767578	0.029021553695201874	-1.3906856775283813	0.12618263065814972	-0.6792705655097961	0.2311590611934662	-0.5575776100158691	0.9230266809463501	-1.2087095975875854	-0.16893480718135834	1.0966893434524536	1.401319146156311
-0.9366989731788635	0.35638943314552307	-0.33268991112709045	0.045888397842645645	0.40122637152671814	-0.21428261697292328	-0.9029048681259155	-0.15267202258110046	0.06365226954221725	1.5790659189224243	2.339339256286621	-2.301276206970215	0.07877343147993088	-0.1408586949110031	-1.629257321357727	0.28223082423210144	0.034299615770578384	-0.7500240802764893	2.042487859725952	-0.5863339304924011	0.08890537172555923	-1.5198512077331543	-0.8398809432983398	0.2452189326286316	-1.1274994611740112	-0.08865870535373688	-0.6207360029220581	-0.174772247672081	0.09119649231433868	-0.6086690425872803	-1.3140290975570679	-0.2762030363082886	0.4517325162887573	-0.8791697025299072	-1.3767284154891968	-1.1502039432525635	-0.9395022392272949	-0.14441479742527008	1.5049574375152588	-0.13785488903522491	-0.022209741175174713	-0.08995639532804489	0.0437934510409832	-1.1366385221481323	0.6169939041137695	0.2374430000782013	-0.7752125263214111	0.5765535831451416	-0.38723137974739075	-3.008728504180908
-0.832610011100769	0.7003982663154602	0.5215768814086914	1.378924012184143	0.7218723297119141	1.6048147678375244	-0.012164086103439331	-0.5862074494361877	0.16367006301879883	-0.3893173336982727	-0.4677679240703583	0.6832625865936279	0.8355193734169006	0.25385093688964844	0.3168696165084839	-1.0313613414764404	0.5048347115516663	0.07930406183004379	-0.8937546610832214	-0.152797132730484	1.7541710138320923	1.1697672605514526	1.01614248752594	-0.25423943996429443	0.3655174970626831	-0.7276948690414429	-1.5620975494384766	-0.1077640950679779	-0.6995879411697388	-0.3168240785598755	0.7291523814201355	-1.3113712072372437	1.5165104866027832	1.4507237672805786	0.6765612959861755	1.7779035568237305	0.36860033869743347	-1.175455093383789	-1.3508294820785522	1.4256796836853027	0.21087883412837982	0.6441922783851624	-0.7122922539710999	0.1589614450931549	-0.7640523910522461	0.5947022438049316	-0.33880409598350525	0.6958391070365906	1.4143487215042114	1.7927756309509277
1.5442265272140503	-0.577225387096405	2.0790979862213135	-0.4965340197086334	1.6377146244049072	0.5213237404823303	-0.38647523522377014	0.5009137392044067	0.5794562697410583	-1.0006608963012695	-1.4590342044830322	-0.719150185585022	0.8332870006561279	0.6165111660957336	0.9081906676292419	-0.8246617317199707	-2.211913824081421	-0.006575434003025293	0.3318570852279663	1.0168721675872803	1.4982577562332153	0.6226803064346313	0.18752188980579376	-1.134458065032959	-1.0395185947418213	1.0819681882858276	0.9897382855415344	0.004588601179420948	1.6861498355865479	0.2823050022125244	-0.7444043755531311	-1.250518798828125	0.6758875250816345	0.08979035168886185	-0.5647282600402832	-0.20572806894779205	0.3150111734867096	-0.5062910914421082	0.25191041827201843	-0.37461841106414795	0.8800281286239624	1.0313401222229004	-0.725886344909668	-0.059287767857313156	0.35280540585517883	0.49033746123313904	1.9965990781784058	1.1234676837921143	-2.143402338027954	-0.08964549750089645
-1.526928186416626	0.41430866718292236	-0.6026774048805237	0.860809326171875	-0.026257969439029694	-1.90511155128479	-0.4763337969779968	0.008486821316182613	0.025428788736462593	0.6724328994750977	-0.7668946385383606	-0.6595600843429565	0.006812795531004667	-0.3948402404785156	0.28077611327171326	1.4142626523971558	-0.44351786375045776	-1.1671113967895508	-1.4208086729049683	0.03447701409459114	0.07716276496648788	2.8438546657562256	0.16534630954265594	0.8236652612686157	1.2377644777297974	-1.6230080127716064	0.7716005444526672	0.12789402902126312	-0.5659493207931519	-0.6665272116661072	0.19663327932357788	0.0710233673453331	0.04016629233956337	-0.8545567989349365	-1.0170559883117676	-0.09158256649971008	1.232298493385315	0.6426178812980652	0.5782648324966431	-0.018038688227534294	-0.18798942863941193	-0.5317453145980835	0.08290903270244598	0.1952987164258957	-1.0870789289474487	-0.5605723857879639	0.6200219392776489	0.02188859134912491	0.5153309106826782	-1.3514024019241333
-0.7436959743499756	0.27120423316955566	-0.891352653503418	0.09507590532302856	-0.22779040038585663	0.019850686192512512	1.5124218463897705	-0.10545695573091507	-2.2341692447662354	0.2631508409976959	2.4947593212127686	-1.3848875761032104	0.8116583228111267	0.9653348922729492	-0.19644825160503387	-0.5051482319831848	2.4757139682769775	0.02687232568860054	0.7249900698661804	0.5505064725875854	0.2724681794643402	-0.7407281398773193	0.9977177381515503	-0.30829909443855286	1.5222123861312866	1.265982985496521	-1.275753378868103	1.541109323501587	0.5203620195388794	1.6824558973312378	-0.362905889749527	-0.2227284014225006	1.1646366119384766	0.24276579916477203	1.8301905393600464	-1.1613034009933472	0.4788162112236023	-0.817272424697876	-0.5820049047470093	0.996982753276825	-0.432672917842865	-0.4534732401371002	-0.7845275402069092	-0.06768562644720078	-1.6387584209442139	-0.14916451275348663	0.63230961561203	0.860428512096405	-0.3196139335632324	-0.09122447669506073
0.1562516987323761	0.6359290480613708	-1.1961346864700317	-1.3405181169509888	0.8762574791908264	-0.4346396028995514	-1.8327854871749878	1.5091274976730347	1.4812310934066772	-2.2669479846954346	1.6376832723617554	0.7812502384185791	-1.0091991424560547	-0.7452136874198914	-1.8423641920089722	1.3273656368255615	-0.27225425839424133	-0.10497934371232986	0.08158058673143387	-0.2698408365249634	-0.7276482582092285	0.3737209737300873	-0.6681179404258728	0.26997077465057373	1.1502476930618286	2.8113889694213867	-0.24260571599006653	-1.3754817247390747	-0.9420397877693176	0.7762345671653748	-1.098265528678894	-0.2751127779483795	-0.9522260427474976	-0.5685428380966187	-0.026999132707715034	1.003274917602539	0.2669413089752197	-1.032586932182312	-0.3834613859653473	-0.6323844790458679	0.5909218192100525	-0.5015185475349426	0.03452741354703903	-0.9451059103012085	-0.31063082814216614	-0.19160781800746918	0.028475137427449226	-0.38516032695770264	-0.423338919878006	-0.9430214166641235
-0.94953453540802	-0.47812768816947937	1.2897535562515259	-0.7324204444885254	0.6227728724479675	-0.3431638777256012	3.03110408782959	0.24392546713352203	-0.042787354439496994	2.363051176071167	0.40189415216445923	0.4798910617828369	0.2728634178638458	0.23318691551685333	1.3094764947891235	1.3630666732788086	1.4753962755203247	-1.6206257343292236	-0.07631387561559677	-0.15680335462093353	-0.7933424115180969	-0.18609923124313354	2.245760202407837	1.1273897886276245	-0.5771054029464722	0.11366208642721176	-0.3482665717601776	0.3898828625679016	0.661779522895813	-0.5404074192047119	1.3690255880355835	1.556196689605713	0.12021463364362717	-0.6250891089439392	0.7645372152328491	-0.9078245759010315	0.6200467944145203	-0.48419448733329773	0.24683451652526855	-0.5908462405204773	-0.8284700512886047	1.1831669807434082	0.9930853247642517	-0.04672858864068985	-0.6307739615440369	0.770404577255249	0.2286514937877655	1.007149577140808	-0.1515040397644043	-1.0099037885665894
-1.2637057304382324	-0.70687335729599	0.2668587565422058	-0.9943293333053589	0.6747605204582214	-1.1354806423187256	-1.7096707820892334	1.719340205192566	0.7285897135734558	-0.30884766578674316	1.330360770225525	-0.6020738482475281	1.2404834032058716	-0.2531334161758423	2.5723721981048584	-1.5500807762145996	1.467679738998413	1.3549561500549316	1.6254613399505615	-1.500834345817566	0.9829948544502258	0.48993849754333496	-2.316469669342041	1.2767834663391113	-0.24941939115524292	0.49225756525993347	1.583013892173767	1.200371503829956	-0.5633032321929932	-0.8314282894134521	0.7299012541770935	-1.0631951093673706	-0.5677910447120667	-0.08498340845108032	-0.8674905300140381	0.35174134373664856	1.063273310661316	-0.3207889795303345	0.009032471105456352	0.5898771286010742	-0.5906068682670593	2.258016586303711	0.040789395570755005	-0.4244705140590668	1.4725360870361328	0.3861001133918762	0.1289597451686859	0.11370451748371124	0.9946142435073853	0.20558209717273712
0.8369076251983643	-1.6394771337509155	0.2753625810146332	-0.38264310359954834	0.07432540506124496	-1.151499629020691	0.8349071145057678	2.0189626216888428	0.12875047326087952	1.0703818798065186	-2.9015190601348877	-1.0172643661499023	-1.4738866090774536	-0.37361592054367065	-0.09565532207489014	-0.770474374294281	0.8792214393615723	-0.4581250250339508	0.472368985414505	-1.0826194286346436	0.7720575928688049	-1.0333175659179688	-0.9726535677909851	-0.9125655293464661	-0.19008871912956238	-0.07047249376773834	0.6003552079200745	-0.24946379661560059	0.602933406829834	0.3877684772014618	2.9407143592834473	1.534221887588501	-2.685251474380493	-0.7196683287620544	-0.8739321231842041	1.3695342540740967	-0.9757056832313538	-0.588804304599762	-1.3883098363876343	-0.9685661196708679	-0.6578514575958252	0.5587296485900879	0.4863203465938568	-0.19331824779510498	-0.5590800642967224	0.5396738648414612	0.7634835243225098	-0.45638149976730347	-0.20886242389678955	0.05235081911087036
-0.054188575595617294	-0.4792725145816803	0.23815374076366425	0.1616024374961853	-0.4160090386867523	0.1389741599559784	1.0569945573806763	0.8835625648498535	0.3406972587108612	0.2583206295967102	-1.8456380367279053	-2.269049882888794	-0.9001803398132324	0.2645624279975891	1.1685185432434082	-0.2588322162628174	1.0227603912353516	-0.02141755446791649	0.16381116211414337	0.7009004950523376	-0.8343676924705505	-1.4553865194320679	0.4845714867115021	-0.013653634116053581	0.8840696215629578	0.5334324836730957	0.23645098507404327	0.23354080319404602	1.4988137483596802	-0.3346617519855499	-0.9213401079177856	0.325594037771225	-0.19970621168613434	0.3519943058490753	0.01324798446148634	-1.370413064956665	0.4393596351146698	0.6446918249130249	0.2673757076263428	-0.4554058611392975	-0.38913390040397644	-1.150265097618103	0.6543889045715332	-0.4646054804325104	-0.40561264753341675	-0.1275830715894699	-0.6833865642547607	-0.6251367926597595	0.26516881585121155	-0.8141821026802063
-0.08652897924184799	0.059886932373046875	-1.8163634538650513	0.37355583906173706	1.4198302030563354	0.4957207143306732	0.1144571378827095	-0.14116086065769196	0.14608249068260193	0.11563096195459366	-1.459223985671997	2.132965564727783	0.6146010160446167	-1.930436372756958	2.1119067668914795	-0.3141642212867737	-0.19355571269989014	-1.831193208694458	-0.6473979353904724	-0.38473930954933167	-0.09625675529241562	0.692586362361908	-1.1848701238632202	0.2592540979385376	-0.17548416554927826	1.5199558734893799	-0.574404776096344	-0.604015588760376	0.7054504156112671	-0.33905258774757385	-0.49454963207244873	0.11376522481441498	-0.7729879021644592	0.05118623375892639	-1.0756384134292603	-0.1163739487528801	-1.5066851377487183	0.24787631630897522	-2.5705785751342773	-0.29567110538482666	0.3102746903896332	0.14544689655303955	0.5051789283752441	-0.2807590663433075	1.330596685409546	0.4868309199810028	-0.04373972490429878	0.33472442626953125	-0.1272318810224533	-1.3305050134658813
0.18583783507347107	1.1528348922729492	-2.6462960243225098	0.256565660238266	-0.11257580667734146	-0.500539243221283	-1.8084568977355957	0.24739989638328552	-0.598843514919281	0.07400445640087128	0.02233697660267353	0.9111842513084412	0.26301896572113037	1.0972977876663208	0.17786023020744324	-0.26035526394844055	1.7153273820877075	1.7082611322402954	-0.03349010646343231	-1.6793409585952759	0.26490116119384766	-0.38841187953948975	0.3438279926776886	2.0275025367736816	-2.67986798286438	-0.9851894378662109	-0.039516910910606384	-0.42090165615081787	-1.325457215309143	-0.08864865452051163	0.026285987347364426	1.1453617811203003	1.2914406061172485	1.4572333097457886	0.2054816484451294	-0.630198061466217	-0.8068172931671143	-0.7974027991294861	1.3977352380752563	0.4171469807624817	-0.2406141310930252	0.7794302701950073	0.7362385392189026	-0.11068551987409592	0.38674649596214294	0.11114407330751419	0.9900446534156799	0.2663716673851013	0.39299121499061584	0.16756510734558105
-2.303011417388916	0.6484096646308899	0.21689096093177795	-0.092049241065979	0.18482717871665955	1.1638202667236328	0.9274286031723022	2.1098227500915527	-0.4932651221752167	1.4025459289550781	1.3792648315429688	-0.23977643251419067	-0.43349629640579224	-0.9543035626411438	0.7703754901885986	0.7848353981971741	-0.2825240194797516	0.9548715949058533	0.77562415599823	0.9119803309440613	0.7030262351036072	-1.5063610076904297	-1.868404507637024	0.1361767053604126	0.6195792555809021	0.5950989127159119	-0.27336814999580383	-0.2766416370868683	-0.4288758337497711	1.4744540452957153	0.1637491136789322	-0.14550095796585083	-0.8130166530609131	-0.3415769040584564	0.8014200329780579	-0.8291569352149963	0.10806792229413986	-1.6755239963531494	-0.12165223807096481	-0.9492884874343872	0.09429799020290375	0.0823657363653183	1.1457947492599487	-0.13513246178627014	-0.07978886365890503	0.6651060581207275	0.21344220638275146	0.8834208250045776	0.12940597534179688	0.21808767318725586
0.6631175875663757	0.4930158853530884	0.10291754454374313	-0.3213478624820709	-0.4573030471801758	1.0382015705108643	-0.999854564666748	-0.31346186995506287	-0.560021698474884	0.05185908079147339	-0.5690650343894958	-0.16633790731430054	1.160955548286438	1.1736606359481812	1.006572961807251	-0.1550496369600296	-0.968505859375	0.42709439992904663	-1.032272458076477	0.04431246966123581	2.708578586578369	-1.0314465761184692	-0.7819211483001709	-0.1275862753391266	-0.6711357831954956	0.6779777407646179	-0.14891542494297028	-0.2518599033355713	0.6392589211463928	-0.3119201958179474	-0.6090502738952637	2.4226479530334473	-1.6525800228118896	1.178226113319397	0.013591195456683636	0.03983713313937187	1.1834250688552856	1.3757551908493042	0.14485420286655426	1.1878801584243774	-0.3041697144508362	1.9180833101272583	-0.20429977774620056	-0.016101745888590813	2.3450636863708496	-1.782795786857605	-0.16794122755527496	0.07509751617908478	-1.528885841369629	-0.09695346653461456
-1.2372299432754517	-0.9857193231582642	0.8470221757888794	0.008445258252322674	-1.312909483909607	-0.4214614927768707	0.5541449189186096	1.179114818572998	0.10623881220817566	-0.349945604801178	-0.9257009029388428	-0.03804655000567436	-0.22388571500778198	0.9491838216781616	0.7707785367965698	-0.2963133454322815	0.305248498916626	-1.1924513578414917	-0.2878129184246063	-0.8911699056625366	0.6763201951980591	1.5169895887374878	-0.03802763298153877	-2.476611375808716	0.09943469613790512	-0.2944841682910919	-0.8082730770111084	0.3863426148891449	-0.24706122279167175	1.1788250207901	1.0876166820526123	-1.727135181427002	-0.27669990062713623	-0.4562121629714966	0.34644684195518494	-1.7335484027862549	0.7424437403678894	0.45847800374031067	0.753158688545227	-0.44197219610214233	-1.0800836086273193	-0.9948651194572449	1.1913315057754517	-2.6079611778259277	0.630202054977417	-0.6253195405006409	1.0083013772964478	-1.2696056365966797	-1.0822703838348389	0.7639478445053101
1.6326159238815308	-0.986216127872467	0.29478704929351807	0.2747011184692383	-0.9493276476860046	0.16536423563957214	-0.9125379920005798	-0.9160319566726685	0.939227283000946	0.28021395206451416	1.1890820264816284	-0.9664545655250549	0.42617908120155334	-1.0286391973495483	-2.580979347229004	0.6202347874641418	0.7285559177398682	0.07908616214990616	-2.006274938583374	0.008987965062260628	1.4122039079666138	-0.14414569735527039	-0.2797096073627472	0.5288534164428711	1.013546347618103	-0.11879085749387741	-0.9336483478546143	-0.10845627635717392	-0.8721612691879272	0.5014876127243042	0.5489828586578369	-0.6744884252548218	-0.4296545684337616	-1.5028935670852661	-1.466711163520813	1.2203080654144287	-0.3636263906955719	1.2407337427139282	0.6505423784255981	-0.5893619060516357	-0.2224940061569214	0.5800647735595703	-0.043071843683719635	0.3367457091808319	-0.1668323576450348	-0.22888600826263428	0.6479751467704773	0.9539587497711182	0.6446443796157837	-0.09190124273300171
0.0894441157579422	-1.3690788745880127	0.9392253756523132	-0.4448249638080597	0.3930457532405853	-0.9357890486717224	1.19524085521698	0.7504120469093323	-0.48278218507766724	-0.25585103034973145	1.390547513961792	1.0399740934371948	-0.11144965887069702	0.3225209414958954	-0.15702193975448608	0.2646104395389557	1.197448968887329	1.8065298795700073	-0.20264381170272827	-1.5478438138961792	-1.558861494064331	1.6900465488433838	0.9223360419273376	0.4187873899936676	0.38623952865600586	-0.4259338080883026	0.632392406463623	0.07230127602815628	0.9899294972419739	1.2154474258422852	1.2650355100631714	0.2929994463920593	-0.5334100127220154	-0.23532351851463318	0.5600095987319946	-0.629899263381958	2.613564968109131	1.363545536994934	0.06694281846284866	0.16169250011444092	-1.578320860862732	-1.5005851984024048	3.326817035675049	1.5183478593826294	0.7742959260940552	0.27604055404663086	-0.270028293132782	-1.0760326385498047	-0.4762900471687317	-0.522100031375885
0.5994141101837158	-0.20823590457439423	0.9365692138671875	0.35724714398384094	-1.565586805343628	-0.7169338464736938	0.007537792436778545	0.11781776696443558	0.8533782958984375	-0.8886194229125977	-0.4091251790523529	-1.8274133205413818	0.8999224305152893	-0.5978313088417053	1.0708214044570923	-0.6690789461135864	-0.49884799122810364	-0.423298716545105	-0.1419879049062729	1.3332463502883911	-0.6903021335601807	0.4793493449687958	1.264295220375061	2.325532913208008	1.0299687385559082	-1.8565785884857178	-0.8316386938095093	-1.2344297170639038	1.3618900775909424	0.9274823069572449	-0.6041774749755859	-0.5645716786384583	-0.1373051255941391	0.5921520590782166	0.22327646613121033	0.5824518203735352	0.6612197160720825	-1.5766156911849976	0.9100922346115112	1.4334367513656616	0.8147820830345154	1.2351536750793457	-0.5660005211830139	0.29857099056243896	-0.3643437922000885	-0.42740586400032043	-0.09682856500148773	-0.4485950469970703	-0.6311080455780029	0.3319791555404663
1.9128812551498413	-0.6329123377799988	0.13878107070922852	0.11608921736478806	0.498037725687027	0.3020320236682892	-1.3243908882141113	0.1851099282503128	-0.6335674524307251	0.7154743671417236	-1.9753865003585815	1.6846905946731567	-0.0390118844807148	0.8560357689857483	0.6862385272979736	2.9342124462127686	0.24506163597106934	-0.12453775107860565	-1.186558485031128	-1.5715094804763794	-1.2957985401153564	-0.14705809950828552	-1.1218091249465942	0.31596145033836365	0.7741407155990601	1.5689327716827393	0.5409848690032959	0.1513858437538147	0.41511374711990356	-0.9613515734672546	-1.9950722455978394	1.2431515455245972	0.665691077709198	0.8374800086021423	0.2559853494167328	-0.5334429144859314	0.09288100153207779	0.9192720651626587	0.008114268071949482	-0.8442851305007935	0.5213295817375183	-2.2426743507385254	-0.5241081714630127	0.5933127403259277	-0.3413137197494507	-0.6255868077278137	0.3216423988342285	-0.23167094588279724	-0.016861511394381523	-0.6118658185005188
0.12415185570716858	0.10285239666700363	1.1936447620391846	0.37833836674690247	-0.19823519885540009	-0.47803378105163574	0.9517205357551575	-0.1248195543885231	0.20648041367530823	1.7626162767410278	1.0717101097106934	0.42022910714149475	0.49360519647598267	0.4399610757827759	-0.08250898122787476	-1.462921380996704	-0.19993558526039124	-0.22345910966396332	-0.029864756390452385	0.6103005409240723	0.7096813917160034	-0.8851228952407837	-0.5948716402053833	1.7245333194732666	-0.3350629210472107	1.0969083309173584	0.4065994322299957	-0.8073875904083252	-0.07611249387264252	-0.5870487093925476	1.6198079586029053	-0.14591185748577118	0.35882169008255005	-0.904650092124939	-0.6165524125099182	-1.6407150030136108	-0.7458388209342957	-0.04988392814993858	0.9372251629829407	-0.42309868335723877	-0.6504740715026855	0.41011807322502136	-0.9948327541351318	0.34195762872695923	0.3157595098018646	-0.20601235330104828	-1.4819060564041138	0.4407809376716614	-0.3376652002334595	-1.148122787475586
1.1296981573104858	0.5822691917419434	1.685606598854065	-0.5120126605033875	-0.6914246678352356	0.33028876781463623	0.4069787859916687	0.9866816401481628	-0.22371532022953033	0.983405351638794	0.6319828629493713	-1.0784316062927246	-1.5050346851348877	-0.4795723855495453	-0.2028237283229828	1.365085244178772	0.38748103380203247	-0.28996479511260986	0.7688896059989929	0.7098408937454224	0.8510034680366516	-1.1395816802978516	2.387481927871704	1.1309962272644043	0.7881050705909729	-1.413257360458374	-0.08753642439842224	0.011393834836781025	-1.1607948541641235	1.532133936882019	-0.3688623011112213	-0.6054400205612183	-0.27343425154685974	-0.8664355278015137	-0.5466601848602295	0.8162723183631897	-0.19530709087848663	1.7928646802902222	1.0076946020126343	2.8046998977661133	0.3092176616191864	0.5987159013748169	1.8568586111068726	-0.9946644306182861	1.7400949001312256	-1.0415688753128052	-0.2850126326084137	-0.09417257457971573	0.21050752699375153	-0.4260104298591614
1.1200323104858398	-0.48120975494384766	2.1580817699432373	-0.7708373069763184	-1.8171709775924683	0.4507251977920532	1.216191291809082	-1.0696362257003784	0.9440711736679077	0.9244500994682312	0.2882075905799866	-0.994317352771759	0.04632936790585518	0.9783241748809814	0.5450111031532288	0.6144981980323792	-1.5406633615493774	-0.012223035097122192	-0.1867503821849823	-0.9455392360687256	0.5561058521270752	-0.10316391289234161	0.11246678978204727	1.2737904787063599	-0.2412983775138855	-0.19842368364334106	-1.2303632497787476	0.806146502494812	0.7293583154678345	1.6569933891296387	1.0427019596099854	1.7500888109207153	-1.022230625152588	-1.9542338848114014	-2.915879487991333	1.0283576250076294	-0.5589178204536438	0.629966676235199	-0.023771042004227638	-0.5642213225364685	1.4047375917434692	-0.6650416851043701	-0.988698422908783	-0.6474933624267578	0.6180711984634399	1.46906578540802	0.1854609102010727	0.8965781331062317	-0.06753867119550705	0.6459322571754456
-0.2208908349275589	-2.6772103309631348	-0.9015408754348755	-0.6366398930549622	2.6637625694274902	-0.3988456130027771	-0.9042475819587708	-1.1612815856933594	-0.41316574811935425	-1.096298336982727	-0.5352153182029724	1.8594744205474854	1.2355989217758179	0.40770846605300903	0.6755846738815308	1.6874897480010986	0.0043783425353467464	0.11934186518192291	0.34426066279411316	-0.4779941141605377	1.2932292222976685	-0.9036997556686401	-0.31044551730155945	0.22337858378887177	0.64163738489151	0.08606316894292831	-0.9501408934593201	0.864996612071991	-1.1829978227615356	1.110916256904602	0.9001019597053528	0.39469754695892334	-2.0404257774353027	-1.4281713962554932	2.527284622192383	-1.2002615928649902	-1.3731005191802979	0.5108099579811096	-0.7338809370994568	0.15818358957767487	1.6368861198425293	0.9914536476135254	-0.29392609000205994	-1.1280584335327148	0.1604163944721222	1.2113045454025269	-0.6566252708435059	1.2346819639205933	1.4961543083190918	0.16808240115642548
0.680758535861969	1.4941409826278687	-0.41874584555625916	0.1142890676856041	0.012056088075041771	-0.564038097858429	0.052439477294683456	0.3039291203022003	-0.036397889256477356	-0.8665680289268494	0.9325048923492432	1.8417223691940308	1.888208031654358	4.126487731933594	-0.6288416981697083	0.39762043952941895	1.4992516040802002	-0.5285758972167969	1.013918399810791	-0.3800697922706604	0.1904565542936325	0.9322018623352051	1.1408947706222534	-0.6570844650268555	0.12766098976135254	-1.4223144054412842	0.43443411588668823	1.0915871858596802	-0.6985874176025391	1.568097472190857	1.9271645545959473	-0.17805248498916626	0.3249845504760742	1.8379225730895996	-2.0251522064208984	-0.6106599569320679	-0.8155545592308044	-1.2328362464904785	1.5296648740768433	1.60645592212677	-0.12109751254320145	-0.22494934499263763	1.7442996501922607	-0.7928639054298401	-1.1398236751556396	-0.3388252854347229	-0.15852490067481995	-0.006928393617272377	1.4367691278457642	-1.3194490671157837
-0.7871289253234863	-0.07968863844871521	0.07050518691539764	-0.7631852626800537	0.9611222743988037	1.1967438459396362	0.6677454710006714	0.492649644613266	-0.15028154850006104	-0.9602612853050232	-0.945554256439209	0.2664531171321869	-0.11939623206853867	0.9128735661506653	0.7016580700874329	1.3276265859603882	0.06676235049962997	-0.4051234722137451	0.4407167136669159	0.803468644618988	0.1728607714176178	0.7221277356147766	-1.1442005634307861	-0.9867075681686401	-0.9999990463256836	-1.264723777770996	0.6728757619857788	1.3491771221160889	0.014984428882598877	-0.6208767294883728	-1.752126693725586	-0.5824912190437317	-0.31763190031051636	1.1735711097717285	-0.07139087468385696	-0.6670414805412292	-1.2858455181121826	0.38756677508354187	-0.034797441214323044	0.4031185805797577	-0.12472190707921982	0.45203378796577454	0.7477713823318481	0.24285781383514404	-2.180678606033325	0.020572759211063385	0.46393513679504395	-0.8335255980491638	0.7975890636444092	0.18772661685943604
-0.5046358108520508	0.9168370366096497	0.34474697709083557	0.7567848563194275	-0.4720287621021271	-0.5023683309555054	-0.048853833228349686	-2.437152624130249	-0.15314973890781403	-0.6877362728118896	0.6246644258499146	0.8415367007255554	-0.7546395063400269	0.30977824330329895	0.9543983936309814	1.019175410270691	-0.2152966856956482	-0.8469574451446533	-1.0211642980575562	0.24682468175888062	-1.2817463874816895	-0.10010505467653275	2.8606090545654297	-1.1282999515533447	1.7781453132629395	0.01826329156756401	0.2398829460144043	0.8262218236923218	-0.21149976551532745	1.9356542825698853	-0.4038031995296478	1.4195294380187988	-2.9817864894866943	-0.8293381333351135	-1.7581099271774292	0.05602644756436348	1.5793507099151611	-0.12873421609401703	0.20954713225364685	0.07533708214759827	0.3845840096473694	0.30073821544647217	-0.808826744556427	1.3095327615737915	-2.6504085063934326	0.18835654854774475	-2.294081211090088	0.3130744993686676	-1.0461732149124146	1.3221896886825562
0.8370294570922852	0.9879670739173889	-0.8795473575592041	0.8524924516677856	-0.17071643471717834	0.6866355538368225	0.7679078578948975	1.469616413116455	-1.842942714691162	0.2887258529663086	0.7827494144439697	-0.33598095178604126	0.12557682394981384	-0.3468994200229645	0.9321678876876831	0.7566181421279907	-1.6134330034255981	0.3783045709133148	-0.6583451628684998	0.32064568996429443	3.127782106399536	-0.6295884251594543	1.3639191389083862	-2.087233781814575	-0.7906039953231812	-0.8381273150444031	-0.23687948286533356	0.6287869215011597	-0.025245651602745056	-0.11710021644830704	-1.5841292142868042	-0.12356724590063095	-0.2171836942434311	1.092272162437439	-0.9548377394676208	-0.03989330679178238	-0.7431381344795227	0.4568602740764618	0.4209651052951813	0.021805539727211	1.6676641702651978	-0.4902520477771759	-0.01762295886874199	-0.8341929912567139	-0.9858760237693787	-0.35371649265289307	1.698555827140808	0.46656036376953125	0.5151878595352173	1.9471112489700317
-0.6287720203399658	-1.524337887763977	0.6937509775161743	0.8790298104286194	-1.6841672658920288	2.366257429122925	-0.6693878173828125	1.163411021232605	-0.7707544565200806	1.2026501893997192	1.355198621749878	1.2939373254776	0.7348204851150513	0.08802051842212677	-0.42475447058677673	-0.304964542388916	-1.2584404945373535	-0.5042226910591125	-1.6744740009307861	-0.8140336871147156	-0.8184176683425903	0.2605884075164795	0.7703284025192261	-0.30297598242759705	-0.7772893309593201	-0.14997804164886475	-1.0304811000823975	1.128199815750122	-1.4997042417526245	-1.9720152616500854	-0.06787388771772385	-1.3416471481323242	-0.5283849239349365	-0.4324426054954529	-0.2623482346534729	0.3235003352165222	-0.2803943157196045	-0.7413896918296814	0.9851272106170654	-0.2890561819076538	-0.6290624141693115	-0.9844433069229126	0.10914792865514755	-1.2599326372146606	1.491647481918335	0.612514853477478	1.1890023946762085	0.1399843990802765	1.1514332294464111	-1.489162564277649
-0.6851366758346558	0.13432450592517853	1.311517357826233	-0.6188536286354065	0.9291330575942993	0.7323552370071411	0.6595845818519592	-0.20351028442382812	-0.13250350952148438	0.0036112430971115828	0.36562758684158325	0.6163327693939209	-0.11674129217863083	0.6149618029594421	-1.2945561408996582	0.9384885430335999	-0.24349533021450043	-2.1435739994049072	0.7802754044532776	-1.2178624868392944	-1.8634754419326782	1.6710666418075562	-1.0122686624526978	-0.6881018280982971	-0.7452179193496704	0.46141594648361206	0.17323331534862518	-0.45460155606269836	0.05800474435091019	0.31874966621398926	1.3654428720474243	-0.8446970582008362	-1.542635202407837	-0.7182787656784058	0.7790898084640503	-1.061713695526123	0.3259296715259552	-0.6991452574729919	1.5167542695999146	-0.586621880531311	0.0920095220208168	-0.43766361474990845	-0.3643428683280945	-0.7250221967697144	1.0025922060012817	-0.14480237662792206	1.0256986618041992	-1.0575441122055054	-1.2814706563949585	-0.7195029258728027
-1.2965726852416992	0.0971328541636467	0.5460273623466492	-0.23352868854999542	-1.3141577243804932	0.1915651559829712	-0.6145772933959961	-1.2379275560379028	1.0822736024856567	1.085269808769226	-2.4415018558502197	-0.14097002148628235	-0.6636338829994202	0.37501510977745056	0.5427667498588562	0.5392879247665405	-0.37376677989959717	0.9586683511734009	-0.21927353739738464	-0.17898797988891602	-0.5602322816848755	-0.8224185705184937	0.9691661596298218	-0.027135131880640984	1.0638924837112427	-0.006687733344733715	-3.036381721496582	-1.4300389289855957	0.48129379749298096	-0.18443289399147034	-0.9779901504516602	-0.9120742678642273	0.4726085066795349	-0.6878184676170349	-1.3668361902236938	-0.24936802685260773	1.6282455921173096	0.09250214695930481	-0.19744250178337097	0.6396117806434631	0.8742268085479736	0.851596474647522	1.0112582445144653	0.9116494059562683	0.039151880890131	0.37958186864852905	0.10296010226011276	-1.2419686317443848	0.8443848490715027	-1.1935499906539917
-1.767156720161438	-1.204997181892395	0.48343852162361145	0.144662007689476	0.37746474146842957	-0.9373077154159546	0.2723952531814575	-0.6215583086013794	0.062374427914619446	-0.4751240313053131	0.7699201107025146	1.096178412437439	0.038994088768959045	-0.3550489842891693	-0.3445063829421997	0.9935848116874695	-0.09882649034261703	-0.2793814539909363	-0.9200971722602844	0.3808227479457855	0.03394480049610138	1.702382206916809	-0.5870289206504822	0.8199032545089722	-0.08650290220975876	0.5034742951393127	-1.4915865659713745	-0.9284177422523499	-2.0244414806365967	-0.7293038964271545	-2.1819896697998047	0.9162941575050354	-1.0674582719802856	-0.7093379497528076	0.9966435432434082	0.35012897849082947	-0.9100832939147949	-0.880587637424469	2.7666873931884766	0.2051822692155838	1.8127877712249756	0.8315958976745605	0.8831942081451416	-0.12202563881874084	-0.2605610489845276	-0.9784738421440125	1.7966885566711426	-1.512073278427124	0.7533489465713501	0.875150740146637
0.25667354464530945	1.5200365781784058	0.13598047196865082	0.024448277428746223	-0.7421970963478088	1.0278609991073608	1.5866237878799438	-0.7715786099433899	0.8867220878601074	0.5755936503410339	-0.44035032391548157	-1.1232240200042725	0.11961022019386292	-0.9926403164863586	2.8540029525756836	2.260503053665161	0.39163729548454285	1.100094199180603	1.2970200777053833	1.5132572650909424	1.1386933326721191	-1.7878623008728027	-2.728482484817505	1.058260440826416	1.832556962966919	-0.04930383339524269	-0.09484204649925232	1.1915922164916992	-1.3896883726119995	-0.2619077265262604	0.7771825790405273	-0.3585711419582367	-0.2116471827030182	0.2436983585357666	0.22692476212978363	-0.031758639961481094	-0.8834167718887329	-0.8212265372276306	0.5367518663406372	0.028598275035619736	-0.27200621366500854	0.1385372430086136	1.096203327178955	0.38172075152397156	0.6018022298812866	-2.031782865524292	0.30785369873046875	-0.7944266200065613	0.8416047096252441	-0.606228768825531
0.19345031678676605	0.6136584877967834	1.031801462173462	0.7460612058639526	0.36443185806274414	0.3547051250934601	-0.13474580645561218	-2.3180174827575684	2.610952138900757	-1.653450846672058	-1.309598445892334	0.2677943706512451	-0.4278363883495331	-0.7905220985412598	-0.027435842901468277	0.6995574235916138	0.9522299766540527	-0.1571095585823059	-1.0229675769805908	1.1729142665863037	0.8571699261665344	0.9475112557411194	0.497174471616745	-0.14347697794437408	0.48994290828704834	-0.878554105758667	0.2211204320192337	-0.2887553870677948	0.5336536169052124	0.36817666888237	-0.9028507471084595	1.0932869911193848	0.9020284414291382	-1.5102683305740356	0.7415767312049866	2.7557027339935303	1.6139918565750122	-2.6374337673187256	0.29223906993865967	1.0344727039337158	-1.2342556715011597	-0.9891042113304138	1.9051344394683838	-0.016671881079673767	1.6062710285186768	0.1281425505876541	1.099117636680603	0.5420820713043213	-0.8967577815055847	-0.8531252145767212
-1.170122504234314	-2.053853750228882	-0.6534094214439392	0.563442587852478	-0.5849226713180542	1.1107075214385986	-1.775956153869629	-0.5616052150726318	-0.5870869159698486	0.4429914355278015	-0.40143853425979614	-1.4652079343795776	-0.08336301892995834	-0.29773834347724915	0.3810983896255493	-0.6543468236923218	0.7121126055717468	0.7691686749458313	-1.2988272905349731	-1.4621686935424805	-0.4192015826702118	-0.16746751964092255	-0.3399004340171814	0.389116108417511	1.045285701751709	0.7586711049079895	-0.7813119292259216	-1.7694612741470337	0.08277019113302231	0.4825606346130371	-0.026858584955334663	0.9624115228652954	-1.7847181558609009	-0.4660342037677765	-1.1555486917495728	-1.7615008354187012	-1.5581111907958984	-0.13770785927772522	-0.12863248586654663	0.7720322608947754	0.01849265582859516	-0.8401409387588501	-1.8559309244155884	2.27553653717041	-0.4386007487773895	-1.8789570331573486	-0.5288422703742981	-1.0505115985870361	0.5267374515533447	-0.8636722564697266
-0.2745436131954193	-0.8864120244979858	1.1373534202575684	-0.3988511264324188	1.202012538909912	0.48295196890830994	-0.6376318335533142	0.798909068107605	-0.5952650308609009	-0.9841268658638	-0.3229791820049286	-0.8553923964500427	0.25540322065353394	0.31726697087287903	1.5341520309448242	1.046417236328125	0.19980403780937195	-0.5851452350616455	-1.3591243028640747	-0.047072842717170715	-0.19882424175739288	-0.4497339427471161	1.5243161916732788	0.07924631237983704	0.9149706959724426	-1.6766607761383057	0.20278728008270264	-0.02666623331606388	0.4277476668357849	-1.329398274421692	-1.1622684001922607	-1.5648086071014404	0.28932198882102966	1.3274611234664917	-0.5923452973365784	-1.2787747383117676	-0.45901358127593994	-1.5163633823394775	-0.9176537990570068	-1.9858229160308838	-0.28035011887550354	-0.021093161776661873	-0.315260112285614	0.47720545530319214	0.34062880277633667	-0.07336819916963577	-0.9862431287765503	0.10846144706010818	0.7931997776031494	0.3104791045188904
-0.1502152979373932	0.5113692879676819	-0.47440075874328613	0.5522415637969971	-0.22199977934360504	-0.1386568248271942	1.0682531595230103	0.5021892786026001	-0.21797074377536774	0.9757603406906128	0.11839490383863449	-0.05699692294001579	0.3525592088699341	0.26121997833251953	-1.4881532192230225	-1.074500322341919	0.88672935962677	0.8630617260932922	0.6825050711631775	0.1588454693555832	0.36013543605804443	1.126408338546753	-0.3954148292541504	-1.282036542892456	0.7612513303756714	0.44734877347946167	0.7323831915855408	0.7056438326835632	-2.0970778465270996	0.030504098162055016	-2.21427845954895	1.558935523033142	-0.09625411778688431	-1.4233996868133545	0.808422863483429	0.6948767304420471	1.4253343343734741	-0.18480117619037628	-0.28463125228881836	-0.2402469962835312	1.5272959470748901	-0.30947551131248474	0.7217201590538025	-0.8593876361846924	-0.44986727833747864	2.2430264949798584	-0.6014559864997864	0.2826961278915405	0.6588568091392517	0.8742654919624329
1.5534820556640625	0.6490898728370667	0.3103339672088623	0.9581998586654663	0.7570663094520569	2.194046974182129	0.43665650486946106	-1.603371024131775	-0.24574348330497742	0.6016671061515808	0.2760152816772461	-0.5854047536849976	0.0044764862395823	-0.2242777943611145	-0.08962561935186386	0.2193952202796936	-0.8304343819618225	-0.2989848256111145	0.2911365032196045	0.5424655675888062	-1.182044506072998	-0.7521881461143494	-0.30652716755867004	0.3262695074081421	0.27649909257888794	0.1493833214044571	0.5226620435714722	0.5948707461357117	-0.2735541760921478	0.7782595753669739	-0.9161086082458496	0.7144882082939148	-0.7884908318519592	0.16768498718738556	0.051506947726011276	-0.6586121916770935	-0.5313001275062561	1.1175404787063599	1.246559739112854	0.20868787169456482	-0.12997490167617798	-0.9307303428649902	-1.080452799797058	0.8044742345809937	-0.0012481402372941375	1.0612521171569824	1.4082409143447876	0.27475249767303467	0.7511041760444641	-1.825119972229004
1.1196653842926025	0.27197152376174927	-0.5086566805839539	0.2982843816280365	0.046318378299474716	-0.37914416193962097	-1.9933218955993652	-0.6287173628807068	2.364203691482544	-0.4420960545539856	-0.9018347859382629	0.31858980655670166	-0.9483616352081299	0.9049235582351685	0.8079373836517334	0.9461520910263062	0.6170900464057922	-2.032559871673584	-0.016286807134747505	0.18869875371456146	-0.4249837398529053	-1.9685884714126587	-1.371619462966919	-1.041529655456543	0.6822483539581299	-0.3930319845676422	0.24868568778038025	-0.38819319009780884	-0.16389404237270355	-0.279662162065506	2.1003832817077637	0.04256156459450722	-0.1909671127796173	-0.9821000695228577	0.0840686485171318	0.7624182105064392	0.851004958152771	1.52536141872406	-1.85854971408844	0.3600409924983978	-1.8597192764282227	0.9181815385818481	0.2595444917678833	0.9659081697463989	0.09393947571516037	-0.2416347712278366	-0.9185274243354797	0.6843640208244324	-0.3041466474533081	0.5502325296401978
-0.5366767048835754	1.4115523099899292	-0.21575893461704254	-0.5034570693969727	0.20834881067276	0.9008921980857849	1.4342418909072876	1.4120564460754395	0.47962653636932373	-0.9496692419052124	0.8505213856697083	1.0920761823654175	0.7439894676208496	-0.856834888458252	0.3952612578868866	-0.7769951224327087	1.8959614038467407	-1.0793771743774414	0.5505645275115967	-0.4286988377571106	0.23133955895900726	-0.3511090874671936	1.7706257104873657	-0.1715252697467804	-1.3560962677001953	2.162551164627075	-1.6000916957855225	-1.2461737394332886	1.5758085250854492	1.0215811729431152	-1.2624527215957642	0.02586202509701252	0.5727443099021912	0.3731745481491089	0.10062432289123535	0.35123512148857117	-0.014575875364243984	-0.44463276863098145	0.13022713363170624	-0.973655104637146	0.2615693509578705	1.7342594861984253	0.32600900530815125	0.5265740752220154	-0.831929624080658	-0.6802972555160522	0.6772763729095459	1.305601954460144	-0.4152114689350128	1.6140092611312866
0.01874229870736599	0.050352126359939575	1.1546567678451538	-0.8682870268821716	0.3012690842151642	-0.26833057403564453	0.3105852007865906	0.025696970522403717	0.5439050793647766	0.9155747890472412	2.0084521770477295	-0.5384963154792786	-0.04530707001686096	-0.9572302103042603	0.4159013628959656	-0.43314141035079956	1.671979308128357	-0.5000064969062805	0.2663598656654358	1.3695510625839233	0.10579577833414078	0.8442779183387756	-0.44718027114868164	-0.08060955256223679	-1.5802515745162964	0.8040022850036621	-1.4302446842193604	1.209240436553955	0.25371798872947693	0.052389390766620636	0.09616005420684814	-0.8186884522438049	-1.2390245199203491	-0.06963557749986649	-1.1677073240280151	-1.558821201324463	0.0035864526871591806	-1.0312269926071167	0.5231536626815796	-0.34570109844207764	-0.5158879160881042	1.196020483970642	0.20632438361644745	0.32608866691589355	-0.8022041320800781	-0.6516290307044983	-0.2794010639190674	-0.7311719059944153	-1.354151725769043	-1.7068299055099487
0.6566801071166992	-0.7106409668922424	0.1698623150587082	-0.6109188199043274	1.6998260021209717	1.9196972846984863	-0.9690659046173096	2.0862462520599365	-0.11898330599069595	1.9645169973373413	1.8474419116973877	-0.45674437284469604	-0.8435699343681335	0.5667899250984192	1.5421847105026245	0.050316207110881805	1.005464792251587	-0.21377307176589966	0.10870400071144104	-0.9223266243934631	0.2338705211877823	-1.909388542175293	0.12496721744537354	-0.23719120025634766	0.9608327150344849	-1.3330928087234497	-1.6732343435287476	0.12088508158922195	-0.2907356023788452	1.7472412586212158	-0.8075610399246216	0.8563364744186401	0.08724251389503479	0.16054455935955048	0.3173048496246338	-1.2652413845062256	0.47702330350875854	0.16706036031246185	1.7798783779144287	0.23927180469036102	-1.2634811401367188	-1.0969982147216797	1.780603051185608	0.21441708505153656	-1.7235885858535767	0.3655047118663788	0.5153986811637878	1.106650471687317	-1.5530378818511963	-0.06911639869213104
0.4568963646888733	1.3171590566635132	2.337038993835449	0.7439472675323486	-0.4292307496070862	0.871192455291748	-0.5817763209342957	-1.0010199546813965	-1.2911016941070557	-0.05400768667459488	0.07805730402469635	-0.5789779424667358	0.9968060255050659	1.1670475006103516	0.3485700488090515	0.3316801190376282	-0.5765822529792786	-1.3328046798706055	0.11076128482818604	-1.0032256841659546	-0.00064464082242921	-2.163200616836548	0.7603392601013184	-0.18132445216178894	-0.5178855657577515	3.2183263301849365	2.2919044494628906	-0.05751441419124603	0.9135501384735107	-0.9887657165527344	-0.2647993862628937	-0.27987995743751526	1.3065911531448364	-0.15703853964805603	-0.03461306542158127	0.008402318693697453	0.014494928531348705	-0.06846390664577484	-0.698832631111145	-0.20283888280391693	-1.221850037574768	0.7023745179176331	-0.3025806248188019	-0.24178901314735413	-0.5523743033409119	-1.087780237197876	0.592669665813446	0.5594053864479065	0.1862831562757492	0.355076402425766
0.8256472945213318	1.1485908031463623	-0.9528745412826538	-0.8870798349380493	0.4899883568286896	-0.4275704324245453	-0.047124456614255905	-0.08970708400011063	1.394316554069519	0.5709665417671204	0.5334040522575378	-0.05880242958664894	-0.3037462830543518	0.41601303219795227	-0.5012079477310181	0.7883382439613342	1.6006313562393188	-0.040496792644262314	0.04603473097085953	0.7227284908294678	0.9340226650238037	-0.09364153444766998	-0.8357178568840027	0.056072380393743515	-1.526368498802185	-0.062994584441185	-1.7157648801803589	-0.8819164633750916	-0.9381482601165771	-0.3061474859714508	-0.3450765013694763	0.47119617462158203	0.40992099046707153	-0.7894643545150757	1.586087942123413	-0.1301509290933609	0.19871126115322113	1.1830612421035767	-1.6226862668991089	-0.3337636888027191	-0.5002154111862183	-0.12276556342840195	-2.444108247756958	1.3855655193328857	0.2967672348022461	1.2564200162887573	-1.3646241426467896	-1.3038767576217651	-0.46089524030685425	0.5864275693893433
0.5261489152908325	0.5460425019264221	-0.40019655227661133	-1.1066220998764038	-0.10066502541303635	-0.8199681043624878	1.146817922592163	1.229083776473999	-0.7376568913459778	-0.32194784283638	0.5221107602119446	-1.2195535898208618	0.35594677925109863	0.12811604142189026	-1.1523678302764893	0.3572598397731781	-0.9484840631484985	-0.460730642080307	-1.7083251476287842	0.7165964245796204	-0.07868911325931549	-1.2787173986434937	-1.8668618202209473	0.3410813808441162	1.190278172492981	0.6458078026771545	1.1846870183944702	-1.0701196193695068	2.8340084552764893	0.08272133767604828	-1.498847246170044	-0.4295150935649872	0.5623940229415894	0.28511571884155273	-0.16646261513233185	-0.0573209673166275	-0.7040659785270691	-0.5459580421447754	-0.8349418044090271	-0.18585613369941711	0.8183624148368835	-0.6294576525688171	1.865794062614441	0.09731391817331314	0.45103636384010315	-1.5815068483352661	0.17692559957504272	0.6756681203842163	0.5196372270584106	-0.9719457030296326
-1.0810599327087402	-0.2972728908061981	-0.3075607419013977	-0.2453707903623581	-0.92486172914505	-0.16902661323547363	-1.0188767910003662	1.0320988893508911	0.6301054358482361	-1.1597567796707153	-0.26159778237342834	0.7449776530265808	-0.1231304183602333	0.43103116750717163	0.30081892013549805	0.644349992275238	-0.7579985857009888	-0.6629519462585449	-0.6072741150856018	0.1356508731842041	-2.627776622772217	0.8817124366760254	-0.5238954424858093	-0.6069768667221069	-1.051125168800354	-0.6623038053512573	0.6410084962844849	0.5892305374145508	0.6751393675804138	0.3860844075679779	0.21620289981365204	-0.7040057182312012	0.9260864853858948	-0.5171465873718262	0.44174614548683167	0.11754139512777328	1.1286842823028564	-0.2209881693124771	-1.8576897382736206	0.1357002556324005	0.40752705931663513	-0.4379608929157257	-2.131978988647461	0.3357186019420624	-1.8845778703689575	0.5972523093223572	0.003904096782207489	0.8130344748497009	0.7994452118873596	0.17502927780151367
-0.26249960064888	0.7840829491615295	-0.49026626348495483	1.1932331323623657	0.35318508744239807	1.5763932466506958	1.2972043752670288	-1.1995309591293335	0.6936938762664795	-1.657645344734192	-0.875176727771759	-0.3492335379123688	2.286792516708374	-0.9808764457702637	0.5963883996009827	-0.12189681828022003	0.22403807938098907	-0.4510662853717804	-0.07903585582971573	-0.5142039656639099	0.6956066489219666	0.2382320910692215	0.18309396505355835	0.10011796653270721	0.10181889683008194	-0.8661510944366455	1.0149867534637451	-0.6603026390075684	-0.10145354270935059	0.12299636751413345	0.32976269721984863	0.7536801099777222	0.32446640729904175	-1.3570666313171387	0.22576774656772614	-0.40493443608283997	1.0862656831741333	0.3592899739742279	-0.17931349575519562	-1.3559397459030151	0.9156436324119568	-1.6134451627731323	0.6036882400512695	0.6858950853347778	-0.932317316532135	-0.39409640431404114	-0.7609851956367493	0.5090817809104919	-0.11970380693674088	0.03801186382770538
1.8799811601638794	-1.1122236251831055	-0.9796316623687744	0.10467421263456345	0.7306113243103027	0.553015947341919	1.318767786026001	0.13363535702228546	-0.9179415702819824	-0.15816673636436462	-0.6922770142555237	0.6951428055763245	0.5566624402999878	-0.5070147514343262	0.7240540385246277	0.3516274094581604	-0.2203495353460312	0.03469567745923996	0.44271954894065857	0.7837729454040527	-1.4300599098205566	0.6724154949188232	1.4398969411849976	-0.46606454253196716	-2.240967035293579	0.27876195311546326	0.05624387040734291	0.22694824635982513	0.5760388374328613	-0.8814916014671326	-0.7284750938415527	-1.2591915130615234	0.40255206823349	0.7240827679634094	0.9292874932289124	-1.2458661794662476	0.8333234786987305	-0.24351978302001953	0.7993966341018677	-1.006913423538208	0.484855592250824	1.623746633529663	-1.2952890396118164	-0.31901752948760986	-0.6202543377876282	-1.519126534461975	1.0295733213424683	-1.0668431520462036	0.7472469806671143	-0.0761818215250969
-0.8318084478378296	2.3030755519866943	0.39050281047821045	0.15815375745296478	-0.05887588486075401	1.2115281820297241	0.33999836444854736	1.7219246625900269	0.39792177081108093	0.616515040397644	-0.7439379096031189	-0.8105114102363586	-0.21290551126003265	-0.562500536441803	0.1619652509689331	1.5012645721435547	0.8742029666900635	-0.5037075281143188	-1.2482393980026245	-0.6805163621902466	-1.1029260158538818	0.8858950138092041	0.8361794948577881	0.9598475694656372	0.8778228759765625	-1.2350924015045166	-0.2083868682384491	-1.5425843000411987	-0.3021436631679535	-0.934281587600708	0.21924655139446259	0.4400618374347687	0.1213236078619957	-1.7560402154922485	0.26032015681266785	0.12403835356235504	-0.42760419845581055	1.6526288986206055	0.453084260225296	-2.21269154548645	-0.7792062163352966	0.009001737460494041	-1.1214349269866943	0.9994986653327942	-1.2119739055633545	1.112969160079956	-0.6906347274780273	0.936003565788269	-0.14023496210575104	-0.23810090124607086
0.07938674092292786	0.49974367022514343	0.4827207028865814	0.3500523269176483	0.32526060938835144	0.16343151032924652	1.435420036315918	-1.2367498874664307	0.21038655936717987	1.3870031833648682	-0.1558842957019806	-1.652426838874817	-0.37174707651138306	0.6175763010978699	-0.8548683524131775	0.2964683473110199	0.5727617740631104	0.9703943729400635	-1.3125925064086914	1.2154518365859985	0.14968059957027435	0.7492390871047974	1.0115382671356201	-0.6524778604507446	-0.20662322640419006	-0.4138161838054657	0.06536494940519333	-0.4531298279762268	-2.348296642303467	-0.4104343354701996	-0.6115166544914246	-0.18838608264923096	-0.14948692917823792	0.22421382367610931	-1.9653722047805786	0.4377196729183197	-0.5490152835845947	0.2381650060415268	1.8287036418914795	-0.04085775464773178	0.13125914335250854	-0.4288279116153717	1.930782437324524	-1.6863185167312622	1.0151948928833008	-0.14780639111995697	0.8493971228599548	-1.1953498125076294	1.5387545824050903	0.019320737570524216
1.5799363851547241	-0.9585390686988831	-0.08291154354810715	-0.501890242099762	-0.8841654658317566	-0.8099745512008667	1.8611489534378052	-1.0818618535995483	1.0365301370620728	-0.724475085735321	-0.4103805422782898	0.27818241715431213	-0.10625021159648895	0.11377409845590591	-0.6456242203712463	0.2650185823440552	-1.8417778015136719	2.6458702087402344	-0.1106955036520958	-1.0374633073806763	0.6277924180030823	1.3930588960647583	-0.2128576785326004	-0.664892852306366	-0.371004194021225	-1.1244980096817017	-0.3322664797306061	-1.4553203582763672	-1.0988365411758423	0.1679634153842926	-0.37522047758102417	-0.6202139258384705	0.7307416796684265	-0.17666830122470856	2.302276849746704	0.755736231803894	-0.8586791753768921	0.6871341466903687	-0.2950145900249481	0.3231299817562103	0.855732798576355	-0.25332778692245483	-0.7568314671516418	1.981026530265808	0.18278145790100098	0.7074562311172485	0.615358293056488	-0.06457698345184326	0.9297900199890137	-2.1889233589172363
0.8667593002319336	-1.5736812353134155	-0.5907186269760132	-0.4390254020690918	0.27845510840415955	-1.4662103652954102	-0.2967119514942169	-0.08621954172849655	0.6867261528968811	-1.1552704572677612	0.40401938557624817	-0.5466198921203613	-0.7322102785110474	1.2355097532272339	-0.18607021868228912	0.18432804942131042	0.6306300759315491	-0.36728280782699585	-1.1903355121612549	0.697253942489624	0.6392571330070496	-0.06994752585887909	-0.3183046579360962	-0.541986882686615	-0.2768736183643341	-0.2364160567522049	-0.2946659028530121	0.7053164839744568	-2.1330490112304688	-0.6812139749526978	0.3897400498390198	0.6055368781089783	-1.8620272874832153	-0.9255326390266418	0.8512458205223083	0.5500866770744324	1.5117199420928955	1.0712822675704956	0.7787898182868958	-1.556961178779602	-0.10626981407403946	1.7270432710647583	-0.6171265840530396	1.3685243129730225	0.8769976496696472	-0.7183096408843994	1.7358629703521729	1.3681583404541016	-0.9904107451438904	-1.0284874439239502
0.9763913154602051	0.13966257870197296	0.7904502749443054	-0.43220317363739014	0.4484052360057831	1.1740360260009766	-0.8481619954109192	1.112183690071106	-0.5162122249603271	1.1808292865753174	1.8459315299987793	-0.06958883255720139	0.8862959146499634	-1.77578866481781	-2.5588741302490234	-0.8202542066574097	-0.5718710422515869	1.3789210319519043	0.7626422643661499	-0.4955175220966339	-0.4691729247570038	-0.01079282071441412	0.9008085131645203	1.0981272459030151	1.2038764953613281	1.3203110694885254	-0.9779537916183472	-0.12555702030658722	0.6556113362312317	0.3763312101364136	-0.7083851099014282	-0.5804141163825989	0.028021754696965218	-0.15122507512569427	0.20760948956012726	0.7589145302772522	0.2547416687011719	0.05347169563174248	-0.4710957705974579	-1.2456543445587158	0.40148335695266724	1.0793273448944092	0.6918491721153259	0.6814670562744141	0.18712833523750305	0.5166725516319275	-0.40168634057044983	-0.6312084197998047	-0.6090407967567444	0.42493584752082825
0.38837435841560364	1.2947840690612793	-0.2836650311946869	0.7497726678848267	1.2391598224639893	0.5476128458976746	1.3011488914489746	0.8771125674247742	0.7823339700698853	-0.6573622226715088	0.3878941833972931	-0.8471354246139526	0.7083380222320557	0.4706905484199524	0.07401832193136215	-0.41622379422187805	-1.1166937351226807	0.09103504568338394	-0.20692993700504303	0.17515438795089722	0.2269069254398346	-0.7220537662506104	1.773728370666504	-1.0089188814163208	0.15314628183841705	-0.1908150017261505	-1.4543031454086304	0.034384939819574356	0.5026317238807678	-1.4825820922851562	-0.5716134309768677	0.5931069254875183	-0.14218680560588837	1.3654696941375732	0.4975697100162506	0.12470182031393051	0.32733333110809326	-0.5642638206481934	-1.4454193115234375	-0.14706096053123474	0.194881409406662	-1.3440970182418823	-1.8805700540542603	-2.468858242034912	0.34240251779556274	0.9908750057220459	1.1228712797164917	-1.3343130350112915	-0.9743451476097107	-2.715266227722168
1.820860505104065	-0.9193471670150757	-0.057070232927799225	1.1389135122299194	0.2846863865852356	-0.2841857671737671	1.030834674835205	-0.5505502820014954	-0.5095618367195129	-0.9085381031036377	-0.10354383289813995	-0.15259887278079987	0.35687923431396484	1.6171596050262451	-0.03999444842338562	1.130539059638977	-0.9655599594116211	0.20687194168567657	0.3669898509979248	-0.4680214524269104	0.5253390669822693	-0.20903682708740234	-0.03421461954712868	-2.0460598468780518	0.23894761502742767	0.44415825605392456	-0.6257683634757996	0.1268199235200882	-1.5819408893585205	1.5453505516052246	0.040683913975954056	-0.24068111181259155	-0.007906605489552021	-1.280874252319336	0.22110411524772644	0.10105552524328232	-0.6511155962944031	1.09385347366333	-1.6131588220596313	-1.7258951663970947	-1.4140557050704956	0.5049797296524048	1.3052769899368286	-0.09208530932664871	-1.4163293838500977	0.35616958141326904	-0.0900379866361618	1.036760926246643	-0.11640945822000504	-0.5437989234924316
1.6087782382965088	0.6287010908126831	-0.28733888268470764	-0.298343300819397	0.7518454790115356	-0.6219179034233093	0.42830541729927063	-0.45659908652305603	-0.9239697456359863	0.05954838544130325	-0.48099395632743835	0.45772308111190796	-0.012705741450190544	-0.29222285747528076	0.1709045171737671	0.9759235382080078	0.5305907726287842	-0.131381556391716	-0.5166887640953064	0.8730162978172302	0.5376399159431458	-0.7504802942276001	-0.3895914554595947	1.0427815914154053	1.3338732719421387	0.11239190399646759	-0.5509673357009888	-0.8914251327514648	-1.3593875169754028	-0.24439924955368042	-1.5862034559249878	-0.6802574992179871	1.4418538808822632	-0.1987592726945877	0.7938154339790344	0.3490329384803772	-0.22319044172763824	0.6418319344520569	-0.9662448167800903	0.864966869354248	0.510818600654602	-0.2849085330963135	-1.228735327720642	0.41043853759765625	-0.008559403009712696	0.4975217282772064	-0.7197433114051819	-0.19220766425132751	0.9276093244552612	2.115102767944336
-1.0856844186782837	0.6879716515541077	0.1527559757232666	0.6507811546325684	0.751498281955719	0.023021196946501732	1.4738502502441406	1.0165268182754517	-0.03141045942902565	0.23899339139461517	1.9375663995742798	-1.5151467323303223	1.152915358543396	-0.9373852610588074	1.2613621950149536	-0.835767924785614	0.1394568532705307	-0.17779360711574554	-1.3583037853240967	0.9841045141220093	-1.4966777563095093	-2.4618613719940186	0.4364263117313385	-0.06256303936243057	-0.1484191119670868	0.366617351770401	0.6517118215560913	0.09322376549243927	2.0714893341064453	0.6229820847511292	1.5402265787124634	-0.24093815684318542	1.725633144378662	-0.47958508133888245	-0.740328848361969	0.5282146334648132	-0.5698315501213074	0.3270343542098999	1.8951181173324585	0.9818035364151001	-0.33901339769363403	0.7947925329208374	-0.19956627488136292	1.0369539260864258	1.0284106731414795	1.546913504600525	0.8340318202972412	1.0532907247543335	0.7304404973983765	-0.5879091620445251
-1.1973339319229126	-1.8740028142929077	-0.27238523960113525	0.26397770643234253	1.1680293083190918	-0.3604835867881775	-0.4260150194168091	1.057244062423706	1.6058011054992676	-0.7269847989082336	0.10234468430280685	-1.5006048679351807	-0.2141614556312561	-2.511593818664551	1.6556884050369263	-1.3774256706237793	1.966819167137146	1.1254390478134155	0.0464896634221077	-0.5475879907608032	1.167547345161438	-0.6715561151504517	0.46583032608032227	-0.5157040357589722	0.03570669889450073	-0.10795111209154129	-0.3895816504955292	0.1758114993572235	0.17957894504070282	1.8850750923156738	0.2530266046524048	-0.26112866401672363	-1.3850692510604858	-0.6706682443618774	-1.0602129697799683	0.8376904726028442	0.27399182319641113	-0.9666524529457092	0.08618508279323578	0.3112143576145172	-0.1377696692943573	1.4211126565933228	-0.590503454208374	-1.3618191480636597	-0.3802753686904907	1.5256463289260864	0.02066340297460556	-2.003373861312866	-0.970085620880127	-0.01655929535627365
0.9172960519790649	0.28357914090156555	-0.2209116518497467	-0.9806468486785889	0.9970460534095764	1.6789103746414185	0.5358930826187134	-1.751992106437683	0.511459231376648	1.6364692449569702	-0.5497578978538513	0.7809739708900452	-0.37859684228897095	0.8193700909614563	-0.27751874923706055	-0.8087412714958191	-1.679744839668274	0.04154122620820999	-0.05433603748679161	-0.05120950564742088	0.8716660737991333	-0.740445613861084	-0.4532693326473236	-0.11155802011489868	-1.23987877368927	-0.8054120540618896	-0.32436490058898926	-0.4422003924846649	0.791471004486084	-0.20411592721939087	1.5266557931900024	-0.3794284760951996	-0.2025790959596634	-1.5499396324157715	1.0291188955307007	-0.0008144847233779728	1.881813883781433	-0.669204592704773	0.00024147839576471597	1.556360125541687	-0.1388186663389206	-0.05704040452837944	-0.5543482899665833	-0.5618786215782166	-0.5342976450920105	0.9204838871955872	-0.009670737199485302	-0.45026564598083496	-0.03746039792895317	0.25604262948036194
-0.04051237180829048	-0.6277003884315491	1.2831344604492188	-0.06175871565937996	0.7952858209609985	-0.2670036554336548	0.166223406791687	0.014017084613442421	-0.8701820373535156	-0.368168443441391	-1.9182674884796143	-0.36870017647743225	1.1267991065979004	-0.6637957692146301	0.8288075923919678	0.8556408882141113	-0.9673820734024048	-1.2827751636505127	-1.7247788906097412	0.028992891311645508	-0.1773495376110077	1.1483114957809448	-0.6824134588241577	1.363966464996338	-0.4403766095638275	0.2918131351470947	0.6067656874656677	-1.5915114879608154	-0.2382497489452362	1.2197070121765137	-0.25789567828178406	0.6096349954605103	0.4693380892276764	-1.057248592376709	-0.7984525561332703	0.15999118983745575	0.11011111736297607	-0.6179153323173523	0.9282912611961365	0.6900413036346436	0.013493040576577187	1.1316299438476562	0.8972480297088623	-0.5615143179893494	-0.455260694026947	-0.007839357480406761	0.8928954601287842	-0.4138399064540863	-0.5628030300140381	-0.9928719997406006
-0.6166951060295105	0.20005376636981964	-1.1557986736297607	2.877394199371338	-1.2170159816741943	-1.580419898033142	1.090088129043579	-0.22205516695976257	0.8048549294471741	-1.079310655593872	0.6371399164199829	-1.042962908744812	0.14364227652549744	0.6805402040481567	0.28997835516929626	0.1297188699245453	0.84581458568573	0.4529988765716553	1.6923420429229736	2.0290632247924805	1.8870102167129517	-1.6922645568847656	1.9723182916641235	0.5802640914916992	0.7639017701148987	0.5943163633346558	-1.108659029006958	0.35824891924858093	-0.129863902926445	-0.3283214867115021	-1.4371384382247925	1.5060585737228394	0.17370937764644623	-0.7164368033409119	-0.00182306335773319	0.38310545682907104	0.830026388168335	-1.3531302213668823	-1.7022790908813477	0.2794835865497589	0.40797126293182373	1.4280197620391846	0.20093119144439697	-0.6603257656097412	0.499541699886322	-0.5652292966842651	0.7051537036895752	-0.2009524405002594	0.7092447876930237	0.9937052726745605
0.5090608596801758	0.023051002994179726	-0.13331446051597595	-0.6002314686775208	0.450897216796875	0.43528813123703003	0.46048909425735474	0.16225610673427582	-0.6592493057250977	1.4386146068572998	0.21985889971256256	-0.10051807016134262	-1.1049436330795288	-1.794385552406311	2.042886734008789	0.6759019494056702	1.715932846069336	-0.39415761828422546	-0.43784037232398987	1.3989670276641846	-0.4674517512321472	0.7856818437576294	0.45195308327674866	-0.16671070456504822	0.31899896264076233	0.03342433646321297	0.012156188488006592	0.0514163076877594	1.0579946041107178	2.0251882076263428	-0.8129473924636841	-0.6232305765151978	0.9692798852920532	0.6731895804405212	1.946146011352539	-0.3938821256160736	0.1601695567369461	0.74183189868927	1.8828941583633423	1.0579876899719238	1.4962961673736572	1.673135757446289	0.795329213142395	-1.7431224584579468	-1.8031527996063232	-1.2254822254180908	0.1901724934577942	1.4843931198120117	2.5779058933258057	0.4374353885650635
0.07214878499507904	0.4556712210178375	0.5699427723884583	-0.16115626692771912	-0.21500781178474426	-0.3670271635055542	-1.8810276985168457	-0.9445016384124756	0.392312616109848	1.0968468189239502	0.8918555974960327	-1.16080904006958	-0.061467308551073074	-0.31989482045173645	-1.0524994134902954	1.297027826309204	-0.6246432662010193	-1.1991218328475952	0.18415091931819916	-0.7365119457244873	0.24453890323638916	2.026535749435425	-0.6016621589660645	-1.1506892442703247	1.2483283281326294	-0.6595858931541443	0.39395052194595337	-1.2494456768035889	-0.3464808762073517	0.7740775942802429	0.01098758727312088	0.5600873231887817	-0.17879506945610046	0.6712707877159119	-0.9896034598350525	-0.8096069097518921	0.17784884572029114	0.14592419564723969	0.8920376300811768	-0.9592177271842957	-0.7042950987815857	-0.10938424617052078	0.02245013415813446	1.4831286668777466	0.22177834808826447	-0.5543575882911682	0.7237504720687866	0.5558855533599854	-0.5974693894386292	-0.5594662427902222
0.8770189881324768	0.617466390132904	-0.11919895559549332	0.4145876169204712	0.2655782401561737	-0.29107341170310974	-1.666202187538147	-0.455177903175354	0.3745827376842499	-1.7257732152938843	-1.2200119495391846	0.7984609603881836	0.9527333378791809	0.7162614464759827	-0.46665018796920776	0.39757397770881653	1.317705750465393	0.7401321530342102	0.13763785362243652	-1.2255327701568604	-1.5570993423461914	0.4003670811653137	0.653834879398346	0.20385685563087463	1.3118220567703247	1.2552706003189087	0.2038007229566574	0.3556634485721588	0.39224427938461304	-2.4661309719085693	0.09999429434537888	-0.8286317586898804	0.9193004369735718	0.7772347927093506	-0.34759965538978577	0.9279149770736694	-1.4532103538513184	-1.3289871215820312	-1.0373092889785767	-0.4016866385936737	0.009232580661773682	0.546125054359436	-0.7357813119888306	-1.242094874382019	-0.17878498136997223	0.3204355835914612	-0.1628008484840393	-0.27626127004623413	0.09085747599601746	0.5912150144577026
-0.8654596209526062	-2.2655727863311768	1.3443152904510498	-0.4745629131793976	-1.0935267210006714	1.1141754388809204	0.1015099361538887	0.796891450881958	0.24492144584655762	-0.08769762516021729	-0.4994085431098938	-0.5589087009429932	0.8729190230369568	-0.37425774335861206	-0.48787370324134827	0.4206690192222595	-0.5341688394546509	0.26900458335876465	-1.9892330169677734	0.3307574689388275	-0.5648506879806519	0.04745180532336235	1.3899239301681519	-2.081449270248413	-2.210509777069092	-1.7956727743148804	-1.2599422931671143	-1.0592002868652344	-0.6479989886283875	0.0645986869931221	-0.22495554387569427	1.0899251699447632	-0.12023582309484482	0.19007742404937744	1.4170472621917725	0.6152944564819336	1.21458899974823	1.4497581720352173	-2.0031185150146484	-0.1202993094921112	-1.3886346817016602	-0.09604695439338684	-1.64352285861969	0.05370282754302025	-0.26310035586357117	0.9249047636985779	0.173881396651268	-1.5022692680358887	0.8485350012779236	-0.27629759907722473
0.5266255736351013	-1.0345325469970703	-1.1971646547317505	0.48058339953422546	-1.3706012964248657	0.02690153755247593	0.8923210501670837	-0.6551969051361084	-0.39601460099220276	-0.8631488084793091	-1.1002507209777832	-1.323564887046814	1.7075830698013306	-0.8059746623039246	0.7686240673065186	-1.0080894231796265	-2.7673020362854004	0.8062958717346191	-0.5585752129554749	-0.6048190593719482	-0.025287281721830368	0.8676950931549072	1.9005357027053833	0.5204315185546875	1.4077507257461548	-0.31439173221588135	-1.4437938928604126	-1.698398470878601	0.22779549658298492	-1.2208844423294067	-1.4657655954360962	0.7398161888122559	-0.26070043444633484	0.446761816740036	-0.9126591086387634	0.8194038271903992	-1.2922184467315674	-2.0486767292022705	-0.7942892909049988	0.5275144577026367	-0.7795400023460388	-3.294680118560791	-1.0616614818572998	-1.097473382949829	1.5999419689178467	0.9625378847122192	-0.23579232394695282	2.01636004447937	-1.9793829917907715	0.17302162945270538
-0.3072236180305481	-0.06919730454683304	-1.5082327127456665	-0.17350487411022186	0.988758385181427	1.9737485647201538	-1.0097070932388306	0.8307867050170898	0.709332287311554	0.5255781412124634	-0.3752138614654541	0.8056098222732544	1.316824197769165	-2.5874335765838623	0.724987268447876	-1.4357064962387085	-1.8202894926071167	0.5495176911354065	-1.303465485572815	-1.229260802268982	-0.9801028966903687	-0.4594573974609375	-0.5422425866127014	0.47636711597442627	1.1011316776275635	0.17228741943836212	-0.6501262187957764	-0.5478783249855042	-0.4156718850135803	-0.4888347387313843	0.7358806133270264	-0.3846265375614166	0.6886587142944336	-0.7686203718185425	-0.06657563894987106	-0.07780972868204117	1.658384919166565	1.3403245210647583	-0.04720105603337288	1.0512073040008545	0.39589303731918335	0.6610037088394165	-0.35119926929473877	1.9404945373535156	-0.6413870453834534	-0.6645109057426453	-1.0445561408996582	-0.3828451931476593	0.22429709136486053	0.021667437627911568
-0.046738699078559875	1.1705197095870972	-0.1489201933145523	-0.029222315177321434	-1.2493137121200562	0.5800949335098267	-1.0602566003799438	1.5965365171432495	-0.21980558335781097	1.313665509223938	1.9021285772323608	0.08946340531110764	3.0183470249176025	0.25731542706489563	0.42186787724494934	-2.0254838466644287	1.3409662246704102	0.7961909770965576	-0.60313880443573	-0.407652348279953	1.3502771854400635	-0.9845600724220276	0.800007700920105	-1.5338377952575684	0.24109520018100739	-0.8686636090278625	-0.6921499967575073	1.3700265884399414	-1.3549162149429321	-1.2295268774032593	-0.049483463168144226	0.20744654536247253	-1.1509329080581665	0.396795392036438	3.098283529281616	0.17192459106445312	-1.739956021308899	-0.6466509103775024	-2.4963598251342773	-0.5586722493171692	-0.7174212336540222	1.4697728157043457	1.9814544916152954	-1.026724934577942	-0.06890377402305603	2.093111991882324	-0.9392862915992737	1.1800862550735474	-0.6848232746124268	0.5928387641906738
-0.37522387504577637	1.0877647399902344	-0.8566752672195435	2.9600138664245605	0.5131006836891174	0.9742200970649719	-1.5338491201400757	-1.233558177947998	0.4083184003829956	-0.25528913736343384	-0.14473821222782135	-0.5275737643241882	1.3796863555908203	-0.2624383568763733	0.2671230137348175	-1.5776464939117432	0.46023041009902954	1.0957320928573608	1.3388137817382812	0.0744304433465004	-0.28037047386169434	-1.2587215900421143	-2.117954969406128	-1.5025594234466553	0.6970247626304626	-0.7928301095962524	0.8782463669776917	-0.7296558022499084	-1.3634343147277832	1.8308757543563843	0.12151934951543808	0.033087823539972305	2.0239176750183105	-0.4556126892566681	-0.6779201626777649	0.7823026180267334	-0.14925451576709747	0.4138950705528259	0.49821290373802185	0.8568793535232544	0.6575095057487488	0.8057504892349243	-0.15014854073524475	0.036052096635103226	0.05122261494398117	-0.48532137274742126	-1.6648919582366943	0.11054915189743042	-0.0315534844994545	0.6460344195365906
-0.844592273235321	-0.6359180808067322	0.1743021458387375	1.4905375242233276	0.5344376564025879	-0.7505404949188232	1.7284355163574219	0.1033598929643631	-0.7606908679008484	2.465733528137207	-1.07370924949646	0.5656073689460754	-1.3613334894180298	-0.5703039169311523	-0.21525824069976807	-0.3251616954803467	0.15915310382843018	1.0841825008392334	-0.06208217144012451	-0.03209312632679939	0.07488704472780228	1.334621787071228	-1.3528193235397339	0.21214920282363892	0.7264624834060669	-1.1941503286361694	-0.28582340478897095	0.14937588572502136	-0.8776001930236816	1.4415223598480225	1.9112740755081177	0.6221268773078918	-0.15190374851226807	0.6203504800796509	-0.2374895066022873	-0.11858968436717987	0.9119923710823059	-0.49655333161354065	-0.9513484835624695	-0.6234325170516968	0.4450090825557709	0.7439900040626526	0.25506216287612915	-0.07208402454853058	0.31566470861434937	-0.10741979628801346	-1.2060352563858032	0.15603545308113098	-0.835273027420044	0.29450926184654236
-1.0086098909378052	0.8820640444755554	-0.7519897222518921	0.3541298508644104	0.08467024564743042	0.1619396060705185	-0.754683792591095	-0.579336404800415	0.15064091980457306	-0.13674937188625336	0.041591841727495193	1.0733736753463745	-0.43023234605789185	-1.0466471910476685	1.212388038635254	-1.7011183500289917	1.5320913791656494	-0.9234403371810913	-1.2984269857406616	-0.1620161235332489	-0.513028085231781	-1.039250373840332	0.6662378907203674	1.8341439962387085	0.864395260810852	0.8626294136047363	-2.0229291915893555	0.8521063327789307	0.41893526911735535	-0.6411375403404236	0.9201686382293701	1.2534034252166748	-0.7189876437187195	1.1203529834747314	-0.9923909902572632	-0.32144421339035034	-0.7667081356048584	0.2058447301387787	0.06021702662110329	0.17790427803993225	-0.8162097334861755	-1.2722363471984863	-0.5575342774391174	-0.6482999920845032	1.221130132675171	0.5072617530822754	-2.4785258769989014	0.8887820243835449	-0.8590083122253418	0.003969372250139713
-0.9431172609329224	-2.0682244300842285	0.30123353004455566	-1.8533817529678345	-0.7797971367835999	-0.2934703528881073	-1.2423640489578247	0.4134584367275238	-0.5195960998535156	0.3039109408855438	-0.2755791246891022	0.3047327697277069	-1.4550182819366455	1.9997819662094116	0.25229018926620483	-0.22891700267791748	1.6937655210494995	-0.33593282103538513	0.46880921721458435	-0.4561954438686371	1.1824302673339844	0.8142566084861755	0.357851505279541	-0.9446035623550415	0.3207802176475525	-0.4098406732082367	-1.3140352964401245	1.1085169315338135	-0.9699406623840332	-0.9130170345306396	-0.9535570740699768	2.305382490158081	0.60041344165802	0.7229180932044983	1.2669445276260376	-0.5705870389938354	0.06873539090156555	0.6765015125274658	-0.9070869088172913	1.5834585428237915	0.11378073692321777	-1.2200618982315063	2.3087501525878906	0.5163019299507141	-0.007629363797605038	-0.7698401212692261	0.138052299618721	-0.9098577499389648	0.44918325543403625	-1.0134249925613403
-0.563221275806427	0.8030822277069092	0.23131853342056274	1.127988576889038	0.034530799835920334	-0.22396938502788544	-1.489128589630127	0.4098433554172516	-0.6916198134422302	-0.9087987542152405	-0.9626777172088623	-0.498663067817688	-0.6983329653739929	1.4549349546432495	0.8360854983329773	0.6704806685447693	-0.1855911910533905	0.5329443216323853	-0.11261998116970062	-0.48639577627182007	-1.2239046096801758	1.0913879871368408	0.7179831266403198	-0.3558739125728607	-0.949598491191864	-0.813667893409729	0.33277684450149536	2.667958974838257	-0.8652685284614563	-1.1505414247512817	0.6960645914077759	-0.027038127183914185	-1.1132920980453491	0.3453783690929413	0.04245520010590553	-0.2828390896320343	0.47231152653694153	0.5863643884658813	-0.433360755443573	-1.0822755098342896	-1.667662501335144	-1.1278917789459229	-0.23938138782978058	0.8564772605895996	0.3048601448535919	-0.7113285660743713	0.3486020565032959	0.5302037000656128	0.019569119438529015	-1.313690423965454
0.225040465593338	0.16335934400558472	0.32615792751312256	-0.5770459771156311	-0.4152258038520813	-0.34858402609825134	1.2690155506134033	0.3049911558628082	0.06982775777578354	-0.6196597218513489	-1.223253607749939	0.6482983231544495	-0.5617948174476624	0.24648013710975647	0.021789265796542168	-0.513856053352356	1.4716423749923706	1.3494316339492798	-0.9747483134269714	2.8636770248413086	-1.3898041248321533	-1.0501598119735718	3.8150651454925537	-0.13199539482593536	-1.2310287952423096	1.0781458616256714	0.23497852683067322	-0.734530508518219	-1.420864224433899	-1.7211657762527466	-0.5673031806945801	1.8232555389404297	1.9617983102798462	0.19790847599506378	0.8732679486274719	1.5518500804901123	-0.5748953223228455	-0.4477054178714752	-1.0757715702056885	-1.4298374652862549	-0.1818941980600357	-0.7568438053131104	0.15083694458007812	-0.9061319828033447	-0.6856434941291809	-0.9648251533508301	-0.2312012016773224	-1.1581543684005737	0.007641482632607222	0.8881975412368774
-1.3924579620361328	-0.7709227800369263	1.495937705039978	-0.638531506061554	0.20534414052963257	-0.03816965967416763	1.448353886604309	0.019046081230044365	0.25011777877807617	0.9843892455101013	-2.078212022781372	-0.0647561177611351	0.8413782715797424	-0.29533034563064575	0.5507428050041199	-0.7793782353401184	-1.306356430053711	-0.3350967466831207	-0.8369510769844055	-0.3565669655799866	-1.7229280471801758	1.4976564645767212	0.11870014667510986	0.7065731883049011	1.6876814365386963	-0.38785532116889954	0.7681437134742737	0.8506404757499695	-0.522753894329071	-1.3700084686279297	-0.10322950035333633	1.2206435203552246	-1.5114166736602783	0.7908865809440613	-1.2801542282104492	0.19421160221099854	0.03162284567952156	1.6639304161071777	0.8038654327392578	-0.5315646529197693	0.3089185953140259	0.22828716039657593	0.5728008151054382	2.3407063484191895	-1.0312037467956543	-0.6452982425689697	0.39266711473464966	-0.6448107957839966	1.5579842329025269	0.5161221027374268
1.975084662437439	0.3185546100139618	-0.7737466096878052	-0.1855459064245224	2.21152663230896	-1.4072461128234863	1.4771428108215332	-0.47260403633117676	0.1601671278476715	-1.796567440032959	-0.11445380747318268	0.22983461618423462	1.0533570051193237	0.27399083971977234	0.6410000920295715	-0.11744184792041779	1.9471261501312256	0.3578413724899292	-0.46904951333999634	0.4103265404701233	-0.0520307719707489	-1.318099021911621	0.3898942768573761	-0.7108715772628784	-1.3480165004730225	0.14992350339889526	-0.5569325685501099	-0.28471940755844116	0.42967718839645386	0.23709487915039062	0.7770403623580933	-0.49769288301467896	0.05989697575569153	0.5356492400169373	0.6172726154327393	0.3128295838832855	-0.3673209547996521	0.12246314436197281	-0.4511070251464844	-0.04555360972881317	-0.4454500675201416	2.2064244747161865	0.0967186763882637	-1.187031865119934	-1.1537812948226929	-0.8744977712631226	-0.4710216522216797	-1.059033751487732	1.5586302280426025	-0.8021805882453918
-1.383133053779602	0.6635576486587524	-1.1148545742034912	-1.0939123630523682	-0.4007594585418701	0.40273600816726685	-1.2224072217941284	1.2635138034820557	-1.6187379360198975	-1.3559796810150146	-1.3664870262145996	1.8522703647613525	0.1970352977514267	2.5411884784698486	-0.399576872587204	-0.7153741121292114	1.3156182765960693	-1.0471858978271484	0.18288414180278778	-2.0761351585388184	0.25293537974357605	0.23867559432983398	-0.2767760157585144	1.155511736869812	0.11202171444892883	-0.3163992762565613	0.02475731633603573	-0.7368062734603882	-0.855435848236084	-0.4774972200393677	0.15974368155002594	-0.40508905053138733	-0.748112678527832	-0.6933231949806213	-0.3796166181564331	-0.35337594151496887	-0.616596519947052	-1.474141001701355	-2.3550631999969482	0.422268271446228	-0.02111254632472992	0.23722325265407562	-0.31264153122901917	2.058830499649048	0.27431365847587585	1.6940197944641113	0.32938385009765625	0.38376352190971375	0.6384153962135315	1.5259617567062378
2.4965193271636963	0.2090330570936203	0.742243230342865	-1.0814716815948486	1.3099572658538818	-1.4547239542007446	1.32598876953125	1.3360096216201782	0.19262069463729858	-0.41512763500213623	0.8451436161994934	1.2648380994796753	-1.1567234992980957	0.6926646828651428	-1.2593731880187988	-1.4773082733154297	-0.34396013617515564	-0.25990745425224304	-1.0951058864593506	0.5773000717163086	-0.973358690738678	-0.24042624235153198	-1.0468783378601074	0.8499693274497986	-0.30185917019844055	0.1706213653087616	0.02451624907553196	-0.06831784546375275	1.6834940910339355	1.5623501539230347	-0.46893003582954407	-0.1490432769060135	0.22832709550857544	-0.007399977184832096	0.8581277132034302	3.738703966140747	1.3494114875793457	-0.03775405511260033	-0.26950424909591675	-1.7848769426345825	0.4151786267757416	1.5430660247802734	-1.8512660264968872	-0.40060916543006897	0.016167908906936646	2.059793472290039	1.2869588136672974	-0.56651771068573	-0.2644079327583313	0.30355292558670044
-1.5408176183700562	-0.7826235890388489	0.1658543050289154	0.20920000970363617	1.068170428276062	0.4011337161064148	-0.992896556854248	0.6216984391212463	-0.046937115490436554	-0.6230596303939819	-0.2917237877845764	-0.17245295643806458	-1.36208176612854	-1.701820969581604	0.8606372475624084	0.3545472323894501	-1.469245433807373	0.332522988319397	-0.3464678227901459	-2.0595245361328125	-0.047928303480148315	-0.8887078166007996	1.51487398147583	-0.07387375831604004	1.6972041130065918	1.0519517660140991	0.5644296407699585	-0.2994703948497772	0.05815403163433075	-0.35116663575172424	0.43909770250320435	2.4266607761383057	-0.704094409942627	-1.6384563446044922	-0.8087522387504578	0.802714467048645	-1.278159260749817	-0.17809823155403137	1.7317842245101929	-0.3017759621143341	-0.4448045790195465	-1.187068223953247	0.1372380256652832	-0.6509805917739868	-0.20955200493335724	1.264756202697754	-0.011896859854459763	-0.7961231470108032	-0.32894590497016907	-0.03595740720629692
-0.5484246611595154	-1.4041792154312134	-0.6817536950111389	0.8770682215690613	0.2416526824235916	1.0536144971847534	0.7775468826293945	0.14923766255378723	-1.6688063144683838	-1.0636160373687744	-0.03978085517883301	0.1295858770608902	1.268500804901123	-0.26604223251342773	0.1840466409921646	-1.158099889755249	-1.1138136386871338	-0.5670590996742249	-0.22934973239898682	0.37610042095184326	-0.8969465494155884	-0.5093815326690674	-0.4516036808490753	-0.28440406918525696	-0.7776790857315063	1.6235520839691162	1.1331641674041748	-0.8639194965362549	0.565456748008728	0.26890209317207336	0.8906616568565369	-0.9297658205032349	-1.1513704061508179	-0.09266532212495804	-1.666208028793335	0.6401462554931641	-1.0168483257293701	3.0870790481567383	0.7822879552841187	0.4813486635684967	0.3381563723087311	0.07076286524534225	-0.765217661857605	1.3117899894714355	-0.659820020198822	0.3498673439025879	-0.005308414343744516	0.3277066648006439	-0.022111205384135246	0.045403189957141876
-0.5330593585968018	-2.6599442958831787	0.9074527025222778	0.7068194150924683	-0.9410361647605896	-1.030548334121704	-0.5161633491516113	-0.3296078145503998	-1.0733113288879395	0.2670309245586395	1.178673505783081	1.122759222984314	-1.5530067682266235	0.2248445302248001	0.5281234979629517	1.295822262763977	-0.027554264292120934	-0.6737725138664246	-0.7283313870429993	-1.4807183742523193	1.042363166809082	0.16371440887451172	-1.890834093093872	-0.16204829514026642	-0.6127477288246155	0.30395546555519104	2.199836015701294	1.5387861728668213	1.0842982530593872	-0.6577348113059998	0.1623677760362625	-0.7437200546264648	1.0457408428192139	-0.14384062588214874	1.2804112434387207	-0.2688649892807007	-1.1262731552124023	-0.5360532402992249	-0.2794437110424042	1.3065212965011597	-1.1278589963912964	0.4058874249458313	-0.015173791907727718	-1.617616891860962	-0.20168162882328033	0.17125646770000458	0.09683442860841751	1.029101848602295	-0.28315970301628113	-0.06399162113666534
0.06211025267839432	0.25089573860168457	0.620232105255127	-0.08986515551805496	-1.0305558443069458	1.2132129669189453	0.7326053380966187	1.3691391944885254	1.2482249736785889	0.6710870862007141	0.025137096643447876	0.2720475494861603	-0.880068838596344	-0.40997132658958435	-1.0438687801361084	0.33265531063079834	0.08450128883123398	0.8155534863471985	0.17609117925167084	-0.3290436267852783	0.4097289443016052	-0.8727328777313232	0.5208293795585632	0.3116392195224762	-0.1525033414363861	-1.771458625793457	0.64519864320755	0.758899986743927	-0.6431927680969238	2.594409704208374	-1.4299085140228271	0.07562293112277985	2.435746431350708	-0.6329693794250488	0.44242149591445923	1.1334799528121948	-0.818648099899292	-0.9644423723220825	0.23336583375930786	1.62193763256073	-0.8888574838638306	-1.2207623720169067	-0.19357986748218536	-0.17402535676956177	-2.0732898712158203	-0.49639615416526794	-0.8133271336555481	0.4618164002895355	-0.8185233473777771	1.029486894607544
-0.21223896741867065	1.1011766195297241	-0.06772323697805405	-0.8465973138809204	0.6398786306381226	0.22338783740997314	-0.06585273891687393	-0.009343612939119339	0.6833416223526001	0.4135949909687042	0.422372430562973	0.06860020011663437	-1.4376723766326904	-0.32582321763038635	-1.2958484888076782	0.3829781413078308	0.09214255958795547	-0.34388285875320435	0.5411823987960815	0.9318534135818481	-1.2305724620819092	1.1021617650985718	-0.26133644580841064	-1.2851699590682983	0.8607850074768066	1.0470974445343018	1.3291425704956055	0.15755362808704376	-0.8353188037872314	-2.515493869781494	-1.4997625350952148	-1.3953566551208496	0.05033570155501366	-1.2547904253005981	0.18011650443077087	0.556759774684906	0.6942116022109985	0.8914868831634521	-0.18494191765785217	-1.049889087677002	-0.25451067090034485	-0.9339790344238281	0.033146049827337265	-0.2096089869737625	0.4575629234313965	-0.36645472049713135	0.770602285861969	0.15715010464191437	-0.28561797738075256	0.14627964794635773
1.1245852708816528	-1.5950286388397217	0.0008504484430886805	-0.09797262400388718	-1.3736813068389893	0.6018102765083313	0.3604203164577484	0.4537200629711151	-0.2717772424221039	-0.7462987899780273	0.20723043382167816	-0.668636679649353	-1.0115790367126465	0.20016556978225708	-0.5546336770057678	1.531994104385376	0.15993329882621765	-1.7291321754455566	-1.6764553785324097	0.7912234663963318	0.2568947672843933	-1.2356085777282715	0.1194932833313942	0.11323905736207962	1.0892854928970337	-0.566909909248352	-0.5075154304504395	-0.725193440914154	-0.8626402616500854	0.6015230417251587	0.7425304651260376	-0.5621926784515381	-0.3092896640300751	0.3988335132598877	2.201730966567993	-0.3835636079311371	0.45973536372184753	-1.7557592391967773	0.4078720211982727	0.8759332895278931	1.0147273540496826	1.8875210285186768	0.10015784204006195	0.7867976427078247	-0.24424484372138977	1.1831691265106201	-0.30134886503219604	0.9869183301925659	-0.4446587860584259	0.3084341287612915
-0.052036918699741364	-0.9730976223945618	0.6001178622245789	-1.940258264541626	-0.9612724184989929	-0.6859500408172607	-0.29397860169410706	1.4548633098602295	-0.1782069057226181	0.6914349794387817	-0.4468519687652588	0.242950901389122	-1.2201979160308838	-2.849463939666748	-0.9828448295593262	-1.8387941122055054	0.3696662187576294	-0.3206605911254883	0.2506757974624634	-0.1134551465511322	0.8427078723907471	0.3282161355018616	-0.5240786671638489	0.23299427330493927	-0.08213631808757782	1.1646838188171387	0.18430905044078827	-0.2666808068752289	0.5751287937164307	-1.4928545951843262	1.4693944454193115	-0.6864677667617798	0.7911357879638672	0.3145946264266968	1.1162303686141968	-0.6120656132698059	-0.9419654011726379	0.35686174035072327	-0.5742669105529785	-1.1069177389144897	-0.9251055717468262	0.3786924183368683	-0.6135246753692627	-0.2104758471250534	-0.8145806789398193	-0.989407479763031	-0.28193631768226624	-0.07748066633939743	0.3004128634929657	0.5416544079780579
0.968122124671936	0.7490957975387573	0.07146633416414261	-0.6013540625572205	-0.7771471738815308	-0.14296340942382812	-1.3252384662628174	2.2334229946136475	-1.1788690090179443	-0.8547620177268982	1.1112785339355469	0.7267167568206787	-0.8654510378837585	-0.9539476633071899	0.25001731514930725	-0.01045490987598896	-1.5041584968566895	-0.916422426700592	-1.2172404527664185	-1.3811326026916504	-0.27613160014152527	0.03448237478733063	0.49033477902412415	-0.6372949481010437	-0.2531560957431793	-0.06617935746908188	-2.1466145515441895	0.6546052098274231	2.390563726425171	-0.7879202961921692	0.4856790602207184	-0.041824325919151306	0.7350324988365173	0.3957124352455139	0.2883166968822479	0.766761302947998	0.4052007794380188	0.8820145130157471	-0.7561485767364502	-0.03773394972085953	0.5968836545944214	0.29356446862220764	0.2167997509241104	0.41572079062461853	-0.11741557717323303	-1.049033761024475	-0.34490689635276794	-0.028944898396730423	0.8942237496376038	1.0895978212356567
-0.06557312607765198	0.08143515884876251	0.07047025859355927	-0.26012060046195984	-0.6086434125900269	-1.0365543365478516	0.5961167812347412	1.1345232725143433	0.746601939201355	1.1391782760620117	0.8500185012817383	0.5873463153839111	0.582531750202179	-0.08320911973714828	-0.0065933833830058575	-0.9298856854438782	0.6228582262992859	-1.4334994554519653	1.8577009439468384	-0.8829455375671387	-1.4608356952667236	-0.9795811772346497	-0.9129818677902222	-0.5136550068855286	-0.6768782734870911	-0.5873069763183594	0.42063647508621216	-0.13904528319835663	-1.5573105812072754	-0.512846827507019	-0.6325229406356812	-0.3207615911960602	-0.013367018662393093	2.5830204486846924	0.3016374409198761	-1.2039586305618286	1.6375277042388916	-0.7037167549133301	0.8409234881401062	-0.15495198965072632	-1.4356188774108887	-0.08571651577949524	1.3572790622711182	-1.6030449867248535	-0.1782413274049759	0.5163625478744507	2.384519100189209	1.0877323150634766	0.5956408381462097	0.11833439022302628
1.3334864377975464	-0.5375304222106934	-0.7447056174278259	-1.6942102909088135	0.3710702061653137	-1.6359467506408691	-0.306148886680603	-1.1355229616165161	0.5241619348526001	-0.16286203265190125	-1.7780776023864746	0.1308095008134842	-0.11782816797494888	-0.553579568862915	-0.20402251183986664	-0.25961488485336304	-0.8019897937774658	-0.5626629590988159	-1.6954014301300049	-0.5292494297027588	-0.2152741700410843	-0.5612553358078003	-0.8188034296035767	0.49109947681427	-1.6089293956756592	-1.1493732929229736	-1.590229868888855	-0.5426784753799438	0.511614203453064	-0.34840357303619385	-0.1706295907497406	-0.3597297668457031	-1.144486427307129	0.3540758788585663	0.355733186006546	-1.0312714576721191	-1.6521557569503784	-0.7998970746994019	-1.105933666229248	1.376644492149353	-0.12976427376270294	-0.2911602854728699	0.6197777986526489	-1.0251355171203613	-0.556185245513916	-0.5289667248725891	1.4963897466659546	0.6403109431266785	0.19015656411647797	-0.7584405541419983
2.2672433853149414	-0.793039083480835	0.8996471166610718	2.055779218673706	2.4189956188201904	-2.0284342765808105	-1.3226310014724731	-0.34889689087867737	-0.04240593686699867	0.28096315264701843	-0.48230209946632385	0.5768290162086487	-1.2490320205688477	0.2442241609096527	0.8963815569877625	-1.8302373886108398	-1.7758817672729492	-1.943820595741272	-1.3243441581726074	-0.3408268988132477	-0.03259284794330597	0.000922415463719517	-1.3428053855895996	-0.28824707865715027	0.006978948600590229	0.061234232038259506	0.6194028854370117	1.2608317136764526	-0.3160914480686188	-1.1143639087677002	-0.9168204069137573	-1.1085243225097656	0.6635505557060242	-0.7630503177642822	-0.23566557466983795	-1.1146583557128906	-0.08605887740850449	1.5083640813827515	0.4240245223045349	0.3917338252067566	0.01618153601884842	0.8033995032310486	0.2639431953430176	1.3517342805862427	-0.7620046734809875	-0.8005228638648987	-0.8268043398857117	-1.7063292264938354	-0.7854786515235901	-0.8333001136779785
1.0767279863357544	1.6794393062591553	0.1904258280992508	-0.0886516347527504	0.27618494629859924	1.503793478012085	0.20086662471294403	-0.4921017587184906	1.5348235368728638	0.3093295693397522	-0.2835336923599243	0.6605861186981201	-0.5807213187217712	0.14907066524028778	-0.04661408066749573	0.7269685864448547	1.7957301139831543	0.8456143140792847	-0.28212863206863403	-0.9642250537872314	0.6944409012794495	-0.2407802939414978	-0.9885768890380859	-0.9492750763893127	0.2264089733362198	0.1529492735862732	-0.07434271275997162	1.487681269645691	0.7171151638031006	-0.2656557857990265	-2.1746535301208496	-0.07209958136081696	0.5864264965057373	-0.6334825754165649	-1.0079679489135742	-1.245601773262024	0.6504698395729065	-2.5070369243621826	1.0955173969268799	0.45852765440940857	1.2162325382232666	-0.1602536290884018	-1.685611367225647	-0.2944793403148651	-0.5311681032180786	-1.1354120969772339	-2.0272183418273926	0.175137460231781	1.1014299392700195	1.0356853008270264
-0.09776867181062698	-1.9514901638031006	-1.1830984354019165	1.8776254653930664	0.9093929529190063	1.1583222150802612	-0.8592132925987244	0.36756443977355957	-0.12664930522441864	-0.884831964969635	-1.3181079626083374	0.31561213731765747	2.15474009513855	-0.6614993810653687	2.1576380729675293	-0.24858908355236053	-0.6132904887199402	0.6259360909461975	-0.15408694744110107	0.4598449468612671	-1.1300979852676392	-0.1724597066640854	0.6986051797866821	-0.15206278860569	-0.692798376083374	-1.2893455028533936	0.9898351430892944	0.20208585262298584	0.8446992635726929	-0.04961206763982773	0.4669240117073059	-0.791309118270874	0.7359132170677185	0.878984808921814	0.584333598613739	0.746387243270874	0.905823826789856	-0.8186131715774536	-1.2012680768966675	-0.08537782728672028	0.5644629001617432	1.4032410383224487	1.20578932762146	-2.114086627960205	0.827433168888092	0.6628671288490295	1.499261498451233	-1.4573016166687012	0.09192987531423569	-0.5251120924949646
-0.6706211566925049	-0.21554242074489594	0.29459041357040405	-0.897636353969574	-0.7816957831382751	-0.5434263944625854	2.363431215286255	0.16095122694969177	1.0438134670257568	1.7350752353668213	-0.715359628200531	-1.1252365112304688	-0.10870072990655899	-0.531184196472168	-0.09085004776716232	-0.1151212602853775	0.959895133972168	-0.6193708777427673	-0.2525911033153534	2.432023286819458	0.735289990901947	0.18133923411369324	-1.6489896774291992	-0.8271579742431641	0.6670829057693481	0.2522447407245636	-1.945921540260315	-0.6392010450363159	-1.97544264793396	-0.00339488941244781	-1.1352038383483887	0.39617985486984253	-0.093129001557827	1.6012076139450073	0.6682190895080566	-1.5453417301177979	-1.2551871538162231	-0.4554326832294464	0.964658796787262	-2.0365052223205566	-0.044280726462602615	0.5248350501060486	-0.044284574687480927	0.9811278581619263	-0.3978080451488495	0.4020046889781952	-0.5874725580215454	-0.8885433673858643	-0.6410176753997803	0.21668535470962524
-1.5617457628250122	-0.13153712451457977	-0.30915558338165283	-0.3171679973602295	0.679893434047699	-1.082326889038086	-0.17898383736610413	1.4585384130477905	-3.088423252105713	2.367295265197754	1.013566017150879	1.718605637550354	-0.6287187337875366	-0.8618267178535461	-0.39161983132362366	0.7982380986213684	-0.2162945717573166	0.17088256776332855	-0.3026140630245209	2.142753839492798	-0.5307923555374146	0.220084086060524	-0.2909179925918579	-0.14112243056297302	0.4424932599067688	0.725584089756012	-1.604444146156311	0.34308376908302307	-0.623012363910675	1.954887866973877	1.5444309711456299	0.8790951371192932	-0.16930809617042542	1.1127052307128906	-1.1961942911148071	-1.1543934345245361	0.7254514098167419	-2.7503833770751953	0.7763721346855164	0.66971755027771	1.0088920593261719	-0.7366763353347778	-1.0471709966659546	-0.716052234172821	0.008808243088424206	-0.4052295982837677	-0.06470900028944016	-0.7923375368118286	-0.1160801500082016	1.5430173873901367
-2.2944908142089844	0.40460267663002014	-0.3618575930595398	-1.1711639165878296	1.1891862154006958	2.4121832847595215	-0.7404122948646545	-0.5628246068954468	1.2960889339447021	0.5716515779495239	1.0501890182495117	0.21662986278533936	0.05409809574484825	-1.2639843225479126	0.1609015315771103	0.9200672507286072	1.4276913404464722	-1.1618599891662598	0.7132604718208313	0.7571818828582764	-0.39294978976249695	-0.36723801493644714	-1.1050729751586914	-1.3911607265472412	2.36143159866333	-0.10977767407894135	0.3387907147407532	0.4559178054332733	1.1499416828155518	0.7459180355072021	0.4908011257648468	-0.2413732260465622	-0.1404133439064026	-1.0585130453109741	-0.02578527107834816	-2.4434094429016113	2.0448708534240723	0.8697073459625244	1.3558807373046875	0.5380434989929199	0.2112656980752945	-1.3104376792907715	0.10179529339075089	-1.7794831991195679	-0.26488009095191956	-1.6212447881698608	1.6980133056640625	-1.960272192955017	-0.5738500356674194	0.554427444934845
0.8653817772865295	1.8878674507141113	0.06004960089921951	-1.0854675769805908	-0.20075204968452454	0.7204451560974121	1.191767930984497	-0.07455066591501236	0.1521555334329605	-0.9816782474517822	1.2166979312896729	-0.13698169589042664	-0.704948902130127	0.2162557989358902	-0.4941522181034088	0.03659862279891968	-0.20646484196186066	0.1746550351381302	0.08948789536952972	-1.136865496635437	0.19904226064682007	1.3506380319595337	0.21839316189289093	0.9216670989990234	0.8176286816596985	-0.7564805746078491	-1.173586130142212	0.10697238147258759	-0.9525313377380371	0.6179493069648743	-0.6142061352729797	-0.2627106308937073	0.4701709449291229	0.19764654338359833	-0.7116062641143799	-0.9336835741996765	-0.047068849205970764	-0.11233048886060715	0.9833293557167053	0.6376030445098877	0.8855565190315247	1.2151727676391602	-0.2638201117515564	-0.1633502095937729	0.6271531581878662	-0.17827863991260529	1.0758510828018188	0.4598211646080017	-0.33620038628578186	-0.3066539764404297
